	0d	0d	0d	0d	0d	0d	1d	1d	1d	1d	1d	1d	7d	7d	7d	7d	7d	7d	21d	21d	21d	21d	21d	21d
Metabolite	mt/wt_0	mt/wt_0	mt/wt_0	mt/wt_0	mt/wt_0	mt/wt_0	mt/wt_1	mt/wt_1	mt/wt_1	mt/wt_1	mt/wt_1	mt/wt_1	mt/wt_7	mt/wt_7	mt/wt_7	mt/wt_7	mt/wt_7	mt/wt_7	mt/wt_21d	mt/wt_21d	mt/wt_21d	mt/wt_21d	mt/wt_21d	mt/wt_21d
Azelaic Acid	1.0818858435	0.905980645	#DIV/0!	0.9471187163	0.8469863701	0.8286254187	0.4610373196	0.4567620761	0	14.8604001292	0.8458888639	0.9905960898	1.3476159033	2.3420288125	#DIV/0!	6.7147262581	3.5064569613	#DIV/0!	5.2690785742	2.8752501897	8.4519293016	0.8739111658	1.2007704784	4.0395542336
Benzoic acid, 4-hydroxy-	1.2198001433	1.4229554379	#DIV/0!	1.313140586	1.3069760935	0.9411823693	0.7224673002	1.6587020715	0	2.1380464717	0.3455411826	1.0658831801	1.6542364476	2.0398591624	#DIV/0!	1.7479195122	2.0124253392	#DIV/0!	1.2337156568	1.2376772904	2.9318884402	2.270889723	3.471078052	1.9102062656
Citric acid	1.8404347465	0.9201427054	#DIV/0!	2.3395063418	6.3561946692	3.6928590087	0.6298765802	1.3282580761	0	11.9472397295	1.8340170681	4.8585221229	2.1365094282	2.9427690329	#DIV/0!	9.3292146741	7.1656251665	#DIV/0!	2.5791441655	2.4616109613	8.0921952129	4.3911277173	3.7814350561	5.6569463977
Fumaric acid	0.9733158959	0.8461347271	#DIV/0!	0.6205894948	1.2033402862	1.6777684069	0.5462267819	0.3779165169	0	13.0686977807	0.9770108154	3.0348491681	2.7723839205	2.4022417941	#DIV/0!	0.4896248111	0.7229977984	#DIV/0!	5.4339811699	1.6602048092	4.0892789676	0.7840576465	0.5192083584	1.1186724577
Glutaric acid, 2-hydroxy-	#DIV/0!	#DIV/0!	#DIV/0!	#DIV/0!	#DIV/0!	#DIV/0!	#DIV/0!	#DIV/0!	#DIV/0!	#DIV/0!	#DIV/0!	#DIV/0!	#DIV/0!	#DIV/0!	#DIV/0!	#DIV/0!	#DIV/0!	#DIV/0!	#DIV/0!	#DIV/0!	#DIV/0!	#DIV/0!	#DIV/0!	#DIV/0!
Glutaric acid, 2-oxo-	2.1284925092	1.2401261122	#DIV/0!	1.5921514783	2.252693998	1.3549410706	0.6616440003	0.9729386073	0	#DIV/0!	3.0207401302	1.6542567565	1.3163448661	1.9362422354	#DIV/0!	1.4557134546	1.7495434497	#DIV/0!	1.2663040778	8.0980840946	4.9096081215	2.0693516983	2.9103031007	3.4954605138
Lactic acid	#DIV/0!	#DIV/0!	#DIV/0!	#DIV/0!	#DIV/0!	#DIV/0!	0	0	0	#DIV/0!	0	0	#DIV/0!	0	#DIV/0!	0	0	#DIV/0!	#DIV/0!	0	0	0	0	0
Malic acid	2.0155626399	0.9942461877	#DIV/0!	1.2477408218	2.3907175952	1.9262569293	0.7825292847	0.888039559	0	10.1133710922	1.6973795346	2.4783960065	2.7558489339	3.1522404697	#DIV/0!	1.8388862139	2.2670615468	#DIV/0!	1.5453630836	2.0568691074	8.7381532073	1.6436071954	2.4071864763	2.2696250209
Malonic acid	1.1974497553	1.0358305503	#DIV/0!	#DIV/0!	1.4001994962	0.7015569101	0.7997193505	1.3389127428	0	1.6756497859	0.9410664808	0.8661235111	1.1606439137	1.4262411781	#DIV/0!	1.0801949388	2.0172743562	#DIV/0!	1.6266319085	1.6613293276	3.4772383728	1.9649920691	4.7224690219	1.8026909009
Pyruvic acid	0.8108541314	0.5543621208	#DIV/0!	1.1472861085	0.9730832975	0.684944957	0.642837925	1.2593964396	0	0.890691898	0.5964779837	0.8387523754	0.9999978023	0.4466375111	#DIV/0!	0.3899640573	0.651527804	#DIV/0!	1.256786618	0.4788327562	0.5647278905	1.1221284808	1.7399267619	0.8381926733
Salicylic acid	#DIV/0!	#DIV/0!	#DIV/0!	#DIV/0!	#DIV/0!	#DIV/0!	#DIV/0!	#DIV/0!	#DIV/0!	#DIV/0!	#DIV/0!	#DIV/0!	0.9670347111	1.1173114001	#DIV/0!	1.4539122914	1.1503747032	#DIV/0!	0.9090717322	3.6822792881	2.7759035814	1.0644851341	1.0177191424	1.2116334501
Shikimic acid	1.3170942567	0.9641230989	#DIV/0!	0.7238260047	0.6119004069	0.6881143801	0.6081379178	0.9158866033	0	5.3432689861	0.9130545414	0.9807703442	1.5743212788	1.2721690413	#DIV/0!	1.4116041014	1.087959514	#DIV/0!	2.0173139985	4.249309122	2.2410736927	1.4129884472	2.2645363527	2.1218115148
Succinic acid	1.4289477384	1.2593826894	#DIV/0!	0.8634231915	1.543895738	1.3686382168	0.3838667694	0.7846221541	0	8.5271931225	1.7894109637	1.391671869	1.8267547231	2.1227629295	#DIV/0!	2.0525640827	1.6882507365	#DIV/0!	2.5618150322	5.3050734608	6.1049897827	1.2885448488	1.4381395587	1.9929969229
Alanine	0.9256171638	1.1483539671	#DIV/0!	0.8175495515	2.2787771509	1.5124908105	0.7625963482	1.3666454676	0	5.1041992554	9.1716878943	4.0012451179	5.0764533731	2.3814914046	#DIV/0!	3.92229407	2.7835870019	#DIV/0!	0.7457449931	1.3841563042	1.3215380334	1.0607706289	0.9912845019	0.5827052475
Alanine, 3-cyano-	#DIV/0!	#DIV/0!	#DIV/0!	#DIV/0!	#DIV/0!	#DIV/0!	0.4443577989	2.4115259683	0	#DIV/0!	0.2283084168	1.4153487333	1.4058833191	2.986777506	#DIV/0!	10.7940616056	2.9875942576	#DIV/0!	2.4332581093	1.3724770911	11.1982720766	6.7641798461	1.0020027123	20.0958441977
Alanine, beta-	2.1836765308	1.3620005681	#DIV/0!	3.3506535772	2.8918376232	2.21654103	0.8940337075	1.7650792743	0	9.3061216304	2.0389077423	2.1862462138	3.1124177873	3.8717076192	#DIV/0!	4.491910937	3.3521682805	#DIV/0!	1.8384938901	1.8337689845	4.7496537457	3.8028832061	3.4500774568	3.7144778343
Asparagine	3.6487379465	0.9475032665	#DIV/0!	2.3565899943	7.8958755456	0.4707688704	0.1238627201	5.8578795841	0	1.1009059696	1.1524858278	13.234170278	4.9176703072	2.1399697587	#DIV/0!	56.0409579576	5.2083197862	#DIV/0!	20.8939476697	2.4862032847	48.3303012517	34.9465016229	17.0657332016	45.193410845
Aspartic acid	1.0004940726	0.8717253458	#DIV/0!	0.992425485	1.2102976044	1.1109654077	0.7720269286	1.3834018757	0	6.9866161311	2.2541585829	1.677029306	1.7284217471	3.4371112072	#DIV/0!	1.0965645055	1.0348974707	#DIV/0!	0.9109849438	2.1343493426	2.0870376668	1.8206126648	1.5437311281	1.1731378945
Butanoic acid, 4-amino-	1.1582232797	2.6253263061	#DIV/0!	2.8702061103	3.8763188379	1.3181243011	0.5491703158	1.7249224738	0	20.0542171768	1.2500382189	1.931289686	1.4403484219	1.8490278741	#DIV/0!	4.3861101414	1.2835909848	#DIV/0!	2.5379418446	1.4373530989	5.9164124089	3.5996689488	3.2421067705	3.6251270529
Caproic acid, 6-amino-	#DIV/0!	#DIV/0!	#DIV/0!	#DIV/0!	#DIV/0!	#DIV/0!	#DIV/0!	#DIV/0!	#DIV/0!	#DIV/0!	#DIV/0!	#DIV/0!	#DIV/0!	#DIV/0!	#DIV/0!	#DIV/0!	#DIV/0!	#DIV/0!	#DIV/0!	#DIV/0!	#DIV/0!	#DIV/0!	#DIV/0!	#DIV/0!
Glutamic acid	2.3456935724	1.1168412687	#DIV/0!	17.5515250248	17.922676287	6.0339525007	0.2848907721	2.2550266864	0	41.7100387081	1.2261906967	2.164906863	1.3773213357	0.8815842017	#DIV/0!	10.7925315616	1.3799801152	#DIV/0!	2.1776433674	7.7812691372	2.5564398551	66.4246804299	8.7096984836	43.8669961801
Glutamine	0.7382376428	1.6404374024	#DIV/0!	1.1856408015	2.8958756647	#DIV/0!	0.2014720087	1.9540178375	0	1.3238795731	2.3843584635	8.9201402732	1.9223392019	2.602787179	#DIV/0!	85.2956468762	6.110395458	#DIV/0!	6.0053042631	1.3568526209	24.5571328257	29.2630282148	59.4839402023	46.890900449
Glycine	1.3457342867	0.8976459466	#DIV/0!	1.701053707	1.4802681404	1.8704608233	0.7248750489	0.7833265999	0	42.1074634173	12.7832016308	8.7176639234	1.78903052	3.9542875446	#DIV/0!	52.2023188045	8.8251958	#DIV/0!	10.0302703989	2.845366589	4.6174416984	3.3375987396	4.0318556468	5.9797837972
Leucine, cyclo-	#DIV/0!	#DIV/0!	#DIV/0!	#DIV/0!	#DIV/0!	#DIV/0!	#DIV/0!	#DIV/0!	#DIV/0!	#DIV/0!	#DIV/0!	#DIV/0!	0.3164891903	2.711898965	#DIV/0!	#DIV/0!	0	#DIV/0!	0.237048792	9.0898896876	7.2516088811	0.5904465775	4.5259125896	2.3126478107
Lysine	#DIV/0!	1.336609138	#DIV/0!	0.8468814294	1.2627627343	0.7915667235	#DIV/0!	#DIV/0!	#DIV/0!	#DIV/0!	#DIV/0!	#DIV/0!	#DIV/0!	0	#DIV/0!	0	0	#DIV/0!	0	0	0	0	0	0
N-Carboxyglycine	2.001985494	0.425822852	#DIV/0!	2.3601183522	3.512613975	3.0827391303	0.5549929546	0.1794626667	0	77.8977610516	8.8840716073	8.7359259328	2.8428026936	0.5205532388	#DIV/0!	108.8674229418	20.2337990242	#DIV/0!	4.7908409219	6.0682189466	8.2849588306	4.5866333209	6.4814726402	18.9835738766
Ornithine	1.8714868807	1.0943689132	#DIV/0!	2.7080283543	6.4304074071	3.4424800766	0.4863168067	1.5024438786	0	13.5102486024	1.6164213028	9.1396131345	1.6703884666	2.1881202414	#DIV/0!	11.8645244156	3.6195211421	#DIV/0!	1.5175598266	2.4387536715	4.8588670759	5.1253466783	4.315295171	6.4731443094
Phenylalanine	#DIV/0!	#DIV/0!	#DIV/0!	#DIV/0!	#DIV/0!	#DIV/0!	0.6645100856	2.0159108943	0	53.4605804144	1.9207827113	3.23183761	2.4094370424	1.2839310395	#DIV/0!	1.8022666094	9.9810002992	#DIV/0!	1.4126554388	2.789108888	3.0147492874	1.0419230432	5.4240017731	#DIV/0!
Proline	3.2201813935	5.0190147999	#DIV/0!	14.4958322013	5.9917825993	6.9454222394	1.0708816533	2.0129134035	0	36.9685030407	3.4162698261	4.9508780017	2.0776362384	2.9846287626	#DIV/0!	2.6403602625	1.8139871421	#DIV/0!	4.0709603791	1.8681427416	4.6710719302	2.1663451981	3.7944279401	4.0335594271
Pyroglutamic acid	1.0676853833	1.4485068765	#DIV/0!	1.2521591082	0.6906073022	0.7137636698	1.060829689	1.2535848385	0	2.2244489382	1.3622317743	0.5314813949	1.2582250988	4.7129472256	#DIV/0!	1.56399288	2.6508915162	#DIV/0!	1.5110868649	1.6493717757	3.6521251253	2.4375260016	4.4779023531	1.5059933995
Serine	1.2648687895	1.3606023331	#DIV/0!	4.2181861708	8.6379514894	6.4547705939	0.0862848068	1.0290529941	0	78.3830322174	0.1610433416	0.5643954698	1.0104392296	0.1318163968	#DIV/0!	0.8565010314	0.4310488416	#DIV/0!	0.4248653189	1.8439798936	0.1991044591	0.3625069409	0.2841740487	1.2721323472
Serine, O-acetyl-	#DIV/0!	#DIV/0!	#DIV/0!	#DIV/0!	#DIV/0!	#DIV/0!	#DIV/0!	#DIV/0!	#DIV/0!	#DIV/0!	#DIV/0!	#DIV/0!	2.4986481695	1.9535808912	#DIV/0!	#DIV/0!	4.2207987325	#DIV/0!	#DIV/0!	#DIV/0!	#DIV/0!	#DIV/0!	#DIV/0!	#DIV/0!
Threonine	#DIV/0!	1.5810192436	#DIV/0!	4.2220860302	35.0856748631	25.8561554367	0.8066970742	2.9306232794	0	56.4815936028	1.0044313099	1.0049064596	2.1509958955	1.7782947412	#DIV/0!	1.4013807629	1.1348034639	#DIV/0!	1.6822039464	1.4686513962	1.2578352284	1.6555426126	0.6666541799	2.3098849742
Tyrosine	#DIV/0!	#DIV/0!	#DIV/0!	#DIV/0!	#DIV/0!	#DIV/0!	#DIV/0!	#DIV/0!	#DIV/0!	#DIV/0!	#DIV/0!	#DIV/0!	1.0571303117	3.0089903595	#DIV/0!	#DIV/0!	2.1776149494	#DIV/0!	#DIV/0!	#DIV/0!	#DIV/0!	#DIV/0!	#DIV/0!	#DIV/0!
Valine	1.6362218471	1.2102290869	#DIV/0!	1.5844844011	2.1440613789	1.5213068722	0.6868918387	1.7167451867	0	9.7126146053	1.3857252313	1.7104828914	2.0238625773	3.1026906824	#DIV/0!	2.0350341738	1.7140142447	#DIV/0!	0.8058859812	1.6804522401	2.7365320847	1.1617344071	1.0938012322	0.4072816839
3-Indoxyl sulfate	#DIV/0!	#DIV/0!	#DIV/0!	#DIV/0!	#DIV/0!	#DIV/0!	#DIV/0!	#DIV/0!	#DIV/0!	#DIV/0!	#DIV/0!	#DIV/0!	#DIV/0!	#DIV/0!	#DIV/0!	#DIV/0!	#DIV/0!	#DIV/0!	#DIV/0!	#DIV/0!	#DIV/0!	#DIV/0!	#DIV/0!	#DIV/0!
Adenosine, 5-methylthio-	#DIV/0!	#DIV/0!	#DIV/0!	#DIV/0!	#DIV/0!	#DIV/0!	#DIV/0!	#DIV/0!	#DIV/0!	#DIV/0!	#DIV/0!	#DIV/0!	1.7707161271	1.883113536	#DIV/0!	#DIV/0!	0.8182343112	#DIV/0!	#DIV/0!	#DIV/0!	#DIV/0!	#DIV/0!	#DIV/0!	#DIV/0!
Agmatine	#DIV/0!	#DIV/0!	#DIV/0!	#DIV/0!	#DIV/0!	#DIV/0!	1.132511778	2.9605046015	0	#DIV/0!	1.1711998558	0.5345084076	2.6727389583	0.8009110314	#DIV/0!	5.2440335385	0.6884128549	#DIV/0!	2.1475795667	2.6900853238	3.3838835243	4.9713197484	#DIV/0!	3.6366325486
Arginine	#DIV/0!	#DIV/0!	#DIV/0!	#DIV/0!	#DIV/0!	#DIV/0!	#DIV/0!	#DIV/0!	#DIV/0!	#DIV/0!	#DIV/0!	#DIV/0!	0.9915337352	1.2099183529	#DIV/0!	#DIV/0!	1.40569115	#DIV/0!	#DIV/0!	#DIV/0!	#DIV/0!	#DIV/0!	#DIV/0!	#DIV/0!
Isonicotinic acid	#DIV/0!	#DIV/0!	#DIV/0!	#DIV/0!	#DIV/0!	#DIV/0!	0	0	0	0	0	#DIV/0!	1.6870695553	1.4239848235	#DIV/0!	#DIV/0!	0.8797485821	#DIV/0!	0.9714768315	5.5964756109	2.1029574109	0	2.1800520721	0.9401994421
Nicotinic acid, 6-hydroxy-	#DIV/0!	#DIV/0!	#DIV/0!	#DIV/0!	#DIV/0!	#DIV/0!	#DIV/0!	#DIV/0!	#DIV/0!	#DIV/0!	#DIV/0!	#DIV/0!	#DIV/0!	#DIV/0!	#DIV/0!	#DIV/0!	#DIV/0!	#DIV/0!	#DIV/0!	#DIV/0!	#DIV/0!	#DIV/0!	#DIV/0!	#DIV/0!
Putrescine	0.882365667	1.5590788592	#DIV/0!	2.3747914969	1.0789093104	1.2027659469	0.741763839	2.0457795955	0	7.8931453398	1.029176314	0.8353571355	1.4814877448	1.5120559795	#DIV/0!	3.3407423553	0.6227219089	#DIV/0!	1.9016898232	2.127038588	1.8708987698	1.9300835332	2.6209469848	3.4143150704
Pyrrole-2-carboxylic acid	#DIV/0!	#DIV/0!	#DIV/0!	#DIV/0!	#DIV/0!	#DIV/0!	0	0	0	#DIV/0!	0	0	2.5699219922	1.4898782923	#DIV/0!	#DIV/0!	1.1324857069	#DIV/0!	4.3916553117	3.4491406703	2.0247368594	1.3049511025	1.1676964655	1.5621795408
Spermidine	1.8913228591	1.0129629563	#DIV/0!	1.037821692	1.1696009221	0.8291616832	0.202784822	3.1589776763	0	12.1151460563	1.0772622339	15.2607700961	1.8186023966	2.9609945103	#DIV/0!	14.8583495034	0.3310136559	#DIV/0!	2.2241782399	5.7970212469	0.6642048649	4.7766773693	5.3203156669	7.9650790498
Tyramine	#DIV/0!	0.9857734458	#DIV/0!	0.7160316683	0.5309458469	0.6529532852	0.6453791282	2.1801782169	0	0	0.4594256579	1.9269168177	1.5209108804	1.4249025825	#DIV/0!	9.2108933796	1.2529614505	#DIV/0!	0.6873876127	13.9156506672	2.4881984081	13.0637126318	11.5820796838	7.2551340882
Uracil	#DIV/0!	#DIV/0!	#DIV/0!	#DIV/0!	#DIV/0!	#DIV/0!	0.772509762	1.5961814781	0	#DIV/0!	0	0.6739586956	1.3355445567	2.8908029488	#DIV/0!	1.888895656	1.9271501045	#DIV/0!	2.0300252453	1.055033099	6.9330355087	5.5921221947	3.502557301	3.4160542202
Uric acid	1.1368422552	1.1033936043	#DIV/0!	0.9420607135	1.7047933689	1.2972984875	0.6445875173	1.3313397135	0	2.8731513491	0.7015972909	0.8398342948	1.2855975534	1.2568155949	#DIV/0!	0.6365138466	0.8984163056	#DIV/0!	0.9413026353	0.9926110235	1.1600112828	0.4357521417	1.1556385814	0.7978188628
Sinapic acid, cis-	1.7198663177	0.9270531301	#DIV/0!	0.889727048	1.476553845	1.0712367174	0.4103927636	1.4023779681	0	3.6230446411	0.7897422418	0.9129608059	0.7667792678	0.9254081943	#DIV/0!	1.5597585688	1.3944518562	#DIV/0!	1.4725501485	1.217131075	2.220808407	1.8345239822	2.6008714838	2.5520710133
Fructose-6-phosphate	2.8156264582	1.8542847373	#DIV/0!	1.3265535245	1.6546407229	2.571032419	0.602189492	1.1815031673	0	3.1525842279	2.0677752208	1.6538669319	2.0928735898	2.1813201601	#DIV/0!	1.3514559017	1.6305699685	#DIV/0!	2.1162940436	3.6332574637	2.5373473586	0.7093114145	3.1174514581	1.9850239303
Glucose-6-phosphate	2.1238081984	1.811199107	#DIV/0!	1.6745679575	1.4914291797	1.5817300703	0.6871623343	0.8948506296	0	4.8189304066	1.6313182618	1.7751256592	2.1949244868	2.6901442229	#DIV/0!	2.0932457421	1.344154068	#DIV/0!	2.5861107661	4.6255317198	2.8464096174	2.2524936159	3.9288547614	2.426404618
Glyceric acid-3-phosphate	#DIV/0!	#DIV/0!	#DIV/0!	#DIV/0!	#DIV/0!	#DIV/0!	#DIV/0!	#DIV/0!	#DIV/0!	#DIV/0!	#DIV/0!	#DIV/0!	#DIV/0!	#DIV/0!	#DIV/0!	#DIV/0!	#DIV/0!	#DIV/0!	#DIV/0!	#DIV/0!	#DIV/0!	#DIV/0!	#DIV/0!	#DIV/0!
Glycerol-3-phosphate	2.8167139484	2.115527977	#DIV/0!	2.1032912395	2.8349704126	1.5003017482	0.9076984257	1.3458717013	0	3.3713946389	0.5916595328	1.4226290231	2.3797502909	1.4826862251	#DIV/0!	1.2508618779	1.2591863076	#DIV/0!	1.4755031601	3.5564573174	2.4494606051	2.1216490141	2.7471634867	1.3491554516
Glycerophosphoglycerol	3.3983222673	1.7598419345	#DIV/0!	2.335361235	2.5257599657	3.0255368118	0.6385157481	2.1974448809	0	4.9342243036	1.2366504251	1.4239055101	2.1022711986	1.9172365804	#DIV/0!	2.9662848854	1.1318267064	#DIV/0!	1.5939505251	4.8206214164	1.9844600869	1.767120862	1.592014585	1.8081004381
Inositol-phosphate, myo-	#DIV/0!	#DIV/0!	#DIV/0!	#DIV/0!	#DIV/0!	#DIV/0!	#DIV/0!	#DIV/0!	#DIV/0!	#DIV/0!	#DIV/0!	#DIV/0!	0	0	#DIV/0!	#DIV/0!	0	#DIV/0!	#DIV/0!	#DIV/0!	#DIV/0!	#DIV/0!	#DIV/0!	#DIV/0!
Mannose-6-phosphate	#DIV/0!	#DIV/0!	#DIV/0!	#DIV/0!	#DIV/0!	#DIV/0!	0.5846803661	1.2520846923	0	4.0736698279	1.4051408268	1.5102730608	1.4605387297	2.0489312704	#DIV/0!	1.8973669116	1.3755033781	#DIV/0!	1.9135885134	3.7485372366	2.2117203864	1.8474515015	4.4192944653	2.3975503197
Phosphonic acid, hydroxymethyl-	#DIV/0!	#DIV/0!	#DIV/0!	#DIV/0!	#DIV/0!	#DIV/0!	#DIV/0!	#DIV/0!	#DIV/0!	#DIV/0!	#DIV/0!	#DIV/0!	#DIV/0!	#DIV/0!	#DIV/0!	#DIV/0!	#DIV/0!	#DIV/0!	#DIV/0!	#DIV/0!	#DIV/0!	#DIV/0!	#DIV/0!	#DIV/0!
Phosphoric acid	6.7719523054	3.5840470712	#DIV/0!	4.9241320934	5.8379676956	4.1662875369	2.1860069267	1.4170685927	0	9.4739557804	1.2025720831	1.778639676	1.7668693274	2.6434707618	#DIV/0!	9.0654213386	8.2815015785	#DIV/0!	3.1758501866	2.9573672076	8.6322719783	5.0430539366	5.959863943	4.347939969
Phosphoric acid monomethyl ester	12.3388122749	5.3501996147	#DIV/0!	2.9748303497	0.940931941	1.6818681193	2.0342873382	0.8510862935	0	38.0956412733	1.7646696642	2.8569743087	2.6638500165	1.603977239	#DIV/0!	2.1942742392	1.505275315	#DIV/0!	4.7630814292	6.8377380234	3.4711202585	1.9871728817	1.9132064638	2.1834547673
Arabinonic acid-1,4-lactone	#DIV/0!	#DIV/0!	#DIV/0!	#DIV/0!	#DIV/0!	#DIV/0!	0.4253931508	1.1384087038	0	#DIV/0!	1.2753724964	1.2451861562	1.19897565	0.8224189477	#DIV/0!	2.2674417396	1.7801751134	#DIV/0!	1.120345233	#DIV/0!	3.2733961498	2.3363319654	3.5380629451	3.95734591
Ascorbic acid	#DIV/0!	#DIV/0!	#DIV/0!	#DIV/0!	#DIV/0!	#DIV/0!	#DIV/0!	#DIV/0!	#DIV/0!	#DIV/0!	#DIV/0!	#DIV/0!	0.727182672	0.7967677068	#DIV/0!	#DIV/0!	3.0096334941	#DIV/0!	#DIV/0!	#DIV/0!	#DIV/0!	#DIV/0!	#DIV/0!	#DIV/0!
Dehydroascorbic acid dimer	11.4663409252	10.069302414	#DIV/0!	0.3359672416	#DIV/0!	1.4908384965	4.7791232984	10.883074436	0	33.9956782514	1.035978395	0.7725988489	1.5185300691	7.5921901908	#DIV/0!	#DIV/0!	3.1926749979	#DIV/0!	2.2044674731	368.0684112271	24.2157322177	2.2917515972	30.9893790316	40.959913194
Erythronic acid	1.5891420404	0.825146019	#DIV/0!	0.9587708727	1.21604876	1.0145378529	0.5880450797	1.0279938322	0	7.4685997871	1.5710049745	1.4894433023	2.4070821507	2.185530914	#DIV/0!	1.6178103147	1.2079138556	#DIV/0!	2.3779933389	2.6089510983	4.2407539616	1.8543325748	2.2948493115	2.3219696326
Galactonic acid	1.6446914812	1.2016946771	#DIV/0!	1.258137635	1.4203262175	1.3360688213	0.7957082041	1.5963277411	0	2.5991704812	1.064031208	0.7990320194	2.3020794623	1.8194989511	#DIV/0!	1.2405933626	1.2288280713	#DIV/0!	2.0970817141	3.698591609	2.5142541531	1.3462234123	1.1526418876	1.2602158624
Gluconic acid	#DIV/0!	#DIV/0!	#DIV/0!	#DIV/0!	#DIV/0!	#DIV/0!	#DIV/0!	#DIV/0!	#DIV/0!	#DIV/0!	#DIV/0!	#DIV/0!	#DIV/0!	#DIV/0!	#DIV/0!	#DIV/0!	#DIV/0!	#DIV/0!	#DIV/0!	#DIV/0!	#DIV/0!	#DIV/0!	#DIV/0!	#DIV/0!
Glyceric acid	1.4294058249	1.3621542529	#DIV/0!	1.0824636922	0.7833954015	1.0577783851	0.7621700275	1.2724894545	0	8.0879354209	2.1190913717	2.0148365964	1.5701964394	1.6619467308	#DIV/0!	0.9554794607	0.8053377119	#DIV/0!	1.3869277743	1.3483906389	1.809697472	1.336795722	1.3569548095	1.1098944145
Lyxonic acid	0.8463843718	0.5631251174	#DIV/0!	1.6321267291	2.1780940005	0.9622320903	0.5241124055	1.3784824081	0	6.5051400866	1.0297319301	1.0444622532	1.8129496155	0.778058498	#DIV/0!	1.765457831	1.1656050095	#DIV/0!	0.9388761985	7.7274311038	1.7337093808	2.557645296	1.6112412399	1.7879567828
Lyxonic acid-1,4-lactone	0.4676748396	0.5432992556	#DIV/0!	1.8025124453	3.0583234651	3.1416854491	0.4545462228	1.5803439803	0	#DIV/0!	1.2601188559	1.3462048269	2.740053966	0.837679979	#DIV/0!	2.2160727217	0.8355707652	#DIV/0!	0.6558713361	7.7995706011	2.9615460964	1.5927646237	1.3193252172	2.6299845037
Ribonic acid	0.6388998127	0.5143169395	#DIV/0!	1.0814149699	1.785405969	0.682754243	0.4487649582	1.6680202285	0	2.6569848215	0.8872794262	0.7638970422	1.8403889608	0.9259618784	#DIV/0!	0.9743768052	0.700546648	#DIV/0!	0.8673337603	4.8804166416	1.0605715995	1.9606565587	0.9278883729	1.0044037842
Ribonic acid-gamma-lactone	#DIV/0!	#DIV/0!	#DIV/0!	#DIV/0!	#DIV/0!	#DIV/0!	#DIV/0!	#DIV/0!	#DIV/0!	#DIV/0!	#DIV/0!	#DIV/0!	#DIV/0!	#DIV/0!	#DIV/0!	#DIV/0!	#DIV/0!	#DIV/0!	#DIV/0!	#DIV/0!	#DIV/0!	#DIV/0!	#DIV/0!	#DIV/0!
Saccharic acid	#DIV/0!	#DIV/0!	#DIV/0!	#DIV/0!	#DIV/0!	#DIV/0!	#DIV/0!	#DIV/0!	#DIV/0!	#DIV/0!	#DIV/0!	#DIV/0!	#DIV/0!	#DIV/0!	#DIV/0!	#DIV/0!	#DIV/0!	#DIV/0!	#DIV/0!	#DIV/0!	#DIV/0!	#DIV/0!	#DIV/0!	#DIV/0!
Threonic acid	0.9879791819	0.6507531273	#DIV/0!	0.7369563717	0.8356127772	0.5558488162	0.3248849867	1.3337491942	0	0.8512155619	0.8648200631	1.1114063215	1.9012588614	1.3210846387	#DIV/0!	1.0506880978	0.6124341159	#DIV/0!	2.4041778945	3.3150230639	1.3758546355	2.024026675	1.2649559083	1.1533436032
Threonic acid-1,4-lactone	2.4078585599	1.6458567345	#DIV/0!	1.2950668488	1.6857603381	4.5285350198	0.6446032004	1.1825136073	0	#DIV/0!	0.9525608768	1.3313975742	2.1065025123	2.1591817213	#DIV/0!	3.2018661755	2.5367431524	#DIV/0!	3.3626531085	5.7618563988	6.3144520806	1.7678665797	2.8373886328	9.8843062659
Erythritol	5.1681342593	3.9024102101	#DIV/0!	#DIV/0!	3.2218605766	3.3127077314	1.7536199039	1.9312604239	0	#DIV/0!	4.2646502879	2.7167183004	6.0551650937	#DIV/0!	#DIV/0!	2.9076002938	3.1410358993	#DIV/0!	#DIV/0!	#DIV/0!	#DIV/0!	#DIV/0!	#DIV/0!	#DIV/0!
Inositol, myo-	2.6198760232	1.8441012804	#DIV/0!	2.4717166848	4.3715974865	4.2350241563	0.9638611745	2.0431506082	0	3.9056959052	0.8847179873	1.3252750752	2.3628441273	2.1427756065	#DIV/0!	1.0534271558	0.959289334	#DIV/0!	1.8568638233	1.7740640789	0.9052379217	0.8684426886	0.8134484981	1.3123966738
beta-D-Galactopyranoside, 1-isopropyl-, 1-thio-	1.7469708404	1.0431190128	#DIV/0!	1.9967301556	2.0363894552	2.4732545385	0.7074814572	1.6112169183	0	6.0705395365	1.9680221251	1.7947776326	1.3971847811	1.2221271105	#DIV/0!	4.6753993048	1.0443100981	#DIV/0!	2.2144228645	9.1047898625	1.5539834953	1.7769911219	2.9915709144	4.4247298451
Galactinol	5.4133457715	8.3960224839	#DIV/0!	9.2609756254	17.5602095055	18.8602160861	1.1364189318	1.4714667072	0	3.3397790747	2.1139523845	9.5662053154	6.1665100589	8.3658676114	#DIV/0!	0.7834466681	2.2520177834	#DIV/0!	4.2408702216	1.0413086703	2.6686371079	0.5272891229	0.683787863	1.1342649659
Maltitol	#DIV/0!	#DIV/0!	#DIV/0!	#DIV/0!	#DIV/0!	#DIV/0!	#DIV/0!	#DIV/0!	#DIV/0!	#DIV/0!	#DIV/0!	#DIV/0!	#DIV/0!	#DIV/0!	#DIV/0!	#DIV/0!	#DIV/0!	#DIV/0!	#DIV/0!	#DIV/0!	#DIV/0!	#DIV/0!	#DIV/0!	#DIV/0!
Salicylic acid-glucopyranoside	#DIV/0!	#DIV/0!	#DIV/0!	#DIV/0!	#DIV/0!	#DIV/0!	#DIV/0!	#DIV/0!	#DIV/0!	#DIV/0!	#DIV/0!	#DIV/0!	#DIV/0!	#DIV/0!	#DIV/0!	#DIV/0!	#DIV/0!	#DIV/0!	0	0	#DIV/0!	0	0	0
Fructose	1.8011940804	0.8535328287	#DIV/0!	1.4238706616	2.6103630878	2.5937610646	0.3093749058	0.1479307517	0	57.3962306306	10.8400485445	17.4250378839	1.360074532	4.3904810644	#DIV/0!	8.1979985223	1.1293571882	#DIV/0!	4.528620075	3.3063942339	5.8806699477	0.2457312213	0.4218144469	1.5286381602
Glucose	1.8432862758	0.7932522915	#DIV/0!	0.8681546333	1.232475676	1.7165035005	0.3964019905	0.3318045182	0	16.415015597	4.7072000578	13.0734092802	3.4796004666	4.8908420856	#DIV/0!	8.4502645682	2.0141323561	#DIV/0!	13.1457387769	3.9326624843	8.1838105629	0.5404035019	1.6630348882	5.4687524712
Glucose, 1,6-anhydro-, beta-	0.6934238973	0.556938621	#DIV/0!	0.6035372924	1.4192129993	1.4227313289	0.7472973875	2.4586493941	0	4.9246602358	0.7270143972	0.8096508718	2.897392133	1.4086313204	#DIV/0!	1.1456122501	1.1031793999	#DIV/0!	1.0398563514	1.1838588036	1.9734929611	1.0514459573	1.6375190071	1.16308024
Maltose	10.8841969873	0.9509705502	#DIV/0!	2.0711842451	1.9214525497	0.3788307804	0.337303778	0.6878362392	0	7.8908031852	2.1001316887	1.7602032908	0.6637833297	1.0543970976	#DIV/0!	1.6383134867	0.7456892039	#DIV/0!	1.92507025	4.2922146414	1.4927917638	0.7431563818	1.3052190216	2.7365506971
Maltotriose	#DIV/0!	#DIV/0!	#DIV/0!	#DIV/0!	#DIV/0!	#DIV/0!	#DIV/0!	#DIV/0!	#DIV/0!	#DIV/0!	#DIV/0!	#DIV/0!	#DIV/0!	#DIV/0!	#DIV/0!	#DIV/0!	#DIV/0!	#DIV/0!	#DIV/0!	#DIV/0!	#DIV/0!	#DIV/0!	#DIV/0!	#DIV/0!
Melibiose	#DIV/0!	#DIV/0!	#DIV/0!	#DIV/0!	#DIV/0!	#DIV/0!	#DIV/0!	#DIV/0!	#DIV/0!	#DIV/0!	#DIV/0!	#DIV/0!	#DIV/0!	#DIV/0!	#DIV/0!	#DIV/0!	#DIV/0!	#DIV/0!	3.1530013205	0.444550563	0	0.2074486368	0.2946083846	0.3172390308
Raffinose	9.7948376982	6.9029462444	#DIV/0!	23.4070892083	56.8040475527	#DIV/0!	1.5282122145	1.6718651775	0	53.2351783671	5.004782984	6.9540692837	5.6004305645	6.5359025439	#DIV/0!	0.9630819273	1.8843290764	#DIV/0!	5.9504546042	0.9404944025	2.6142878129	0.5916394866	0.4750885357	0.7886614738
Sucrose	1.2561882614	1.0525826434	#DIV/0!	1.1089044962	1.5417831298	1.0026547401	0.7484797793	1.2536747394	0	4.7105574507	2.0464700788	1.5373345712	1.7109301643	3.0366971316	#DIV/0!	1.5625175825	2.066893306	#DIV/0!	1.4994603782	1.2035292541	4.0860899206	2.0602065113	2.9593969438	1.6487681667
Trehalose, alpha,alpha'-	1.3428102396	1.3680947351	#DIV/0!	1.7280278268	1.6664801988	2.0403613596	0.5081987168	1.5477960716	0	4.5381442119	1.5562242374	1.2699293862	1.7336439541	1.6494734087	#DIV/0!	3.2879730683	2.0477302356	#DIV/0!	4.4134495085	2.8992110139	2.9015502781	1.7967289496	3.9428654186	4.1084339282
Xylose	1.0333573737	0.7218963588	#DIV/0!	0.8180177163	0.9553527274	1.4997322577	0.803774086	1.9822059554	0	5.0226930403	1.401996415	0.915268399	1.1573139451	1.1575979885	#DIV/0!	1.0705126059	0.5404833718	#DIV/0!	0.33922677	1.1763003787	0.7476666229	0.8978160464	1.1143807865	1.0857728654
Nonanoic acid	1.4571782937	2.8408725449	#DIV/0!	1.2463516598	1.3038019317	0.9329542705	1.0293990289	1.1335653097	0	#DIV/0!	1.3457025386	0.9164040894	1.306331239	3.0659153324	#DIV/0!	1.2643405017	4.5754710699	#DIV/0!	1.2672779615	0.9346572618	4.2470513127	2.3220650907	3.6539895096	1.4136986585
