Metabolite_e1e2	wt/mt_0d	wt/mt_0d	wt/mt_0d	wt/mt_0d	wt/mt_0d	wt/mt_0d	wt/mt_1d	wt/mt_1d	wt/mt_1d	wt/mt_1d	wt/mt_1d	wt/mt_1d	wt/mt_7d	wt/mt_7d	wt/mt_7d	wt/mt_7d	wt/mt_7d	wt/mt_7d	wt/mt_21d	wt/mt_21d	wt/mt_21d	wt/mt_21d	wt/mt_21d	wt/mt_21d
Azelaic Acid	0.9243119373	1.1037763395	#DIV/0!	1.0558338493	1.1806565434	1.2068179148	2.1690218068	2.189323616	#DIV/0!	0.067292939	1.1821883969	1.0094931832	0.7420512014	0.4269802296	0	0.1489263987	0.2851881575	0	0.1897865036	0.3477958209	0.1183161813	1.1442810656	0.8327986222	0.2475520669
Benzoic acid, 4-hydroxy-	0.8198064294	0.7027626961	#DIV/0!	0.7615330839	0.7651249361	1.0624933409	1.3841456904	0.602881022	#DIV/0!	0.4677166812	2.8940110484	0.9381891174	0.6045085039	0.4902299229	0	0.572108723	0.4969128447	0	0.8105595438	0.807965055	0.3410770977	0.4403560375	0.2880949333	0.523503675
Citric acid	0.5433498807	1.0867879451	#DIV/0!	0.4274406024	0.1573268366	0.2707928999	1.5876126077	0.7528657404	#DIV/0!	0.0837013421	0.5452511961	0.2058239059	0.468053165	0.3398159994	0	0.1071901585	0.1395551647	0	0.3877255151	0.4062380351	0.1235758621	0.2277319323	0.2644498676	0.1767738157
Fumaric acid	1.0274156666	1.1818448859	#DIV/0!	1.6113711372	0.8310201291	0.5960298191	1.8307414304	2.6460870465	#DIV/0!	0.076518718	1.0235301229	0.3295056672	0.3607004039	0.4162778295	0	2.0423801599	1.3831300762	0	0.1840271375	0.602335323	0.2445418882	1.2754164244	1.9260090554	0.8939167074
Glutaric acid, 2-hydroxy-	#DIV/0!	#DIV/0!	#DIV/0!	#DIV/0!	#DIV/0!	#DIV/0!	#DIV/0!	#DIV/0!	#DIV/0!	#DIV/0!	#DIV/0!	#DIV/0!	#DIV/0!	#DIV/0!	#DIV/0!	#DIV/0!	#DIV/0!	#DIV/0!	#DIV/0!	#DIV/0!	#DIV/0!	#DIV/0!	#DIV/0!	#DIV/0!
Glutaric acid, 2-oxo-	0.4698160767	0.8063696024	#DIV/0!	0.6280809418	0.4439129331	0.7380394777	1.5113867874	1.0278140805	#DIV/0!	0	0.3310446966	0.6045010825	0.7596793407	0.5164643048	0	0.6869483804	0.571577688	0	0.7896997392	0.1234859985	0.2036822441	0.483243134	0.3436068222	0.2860853373
Lactic acid	0	0	#DIV/0!	0	0	0	#DIV/0!	#DIV/0!	#DIV/0!	#DIV/0!	#DIV/0!	#DIV/0!	#DIV/0!	#DIV/0!	#DIV/0!	#DIV/0!	#DIV/0!	#DIV/0!	#DIV/0!	#DIV/0!	#DIV/0!	#DIV/0!	#DIV/0!	#DIV/0!
Malic acid	0.4961393807	1.0057871103	#DIV/0!	0.8014484919	0.4182844523	0.5191415459	1.2779074464	1.1260759612	#DIV/0!	0.098878998	0.5891434294	0.4034867702	0.3628645924	0.3172346811	0	0.5438074376	0.4410996258	0	0.6470971195	0.4861758079	0.1144406577	0.6084178767	0.4154227393	0.4406014169
Malonic acid	0.8351081084	0.9654088689	#DIV/0!	#DIV/0!	0.714183945	1.4254011123	1.2504386688	0.7468746604	#DIV/0!	0.5967834141	1.0626241826	1.1545697435	0.8615906982	0.7011436883	0	0.9257588275	0.495718392	0	0.6147672345	0.6019276151	0.2875845406	0.5089079064	0.2117536389	0.5547262703
Pyruvic acid	1.2332674414	1.8038750528	#DIV/0!	0.8716221635	1.0276612522	1.4599713301	1.5556020593	0.7940311474	#DIV/0!	1.1227226859	1.6765078132	1.192246996	1.0000021977	2.2389521146	0	2.5643388955	1.5348539139	0	0.7956800189	2.0884118452	1.7707643216	0.8911635496	0.5747368348	1.1930431175
Salicylic acid	0	0	#DIV/0!	0	0	0	0	0	#DIV/0!	0	0	0	1.0340890441	0.8950056358	0	0.6877993989	0.8692819802	0	1.1000232045	0.2715709271	0.3602430598	0.939421292	0.9825893592	0.8253321166
Shikimic acid	0.7592471039	1.0372119506	#DIV/0!	1.3815474901	1.6342528764	1.4532467697	1.644363837	1.0918382215	#DIV/0!	0.1871513492	1.0952248247	1.0196066856	0.6351943618	0.7860590594	0	0.7084139236	0.91915185	0	0.4957086506	0.2353323732	0.4462146886	0.7077198699	0.4415914979	0.4712953969
Succinic acid	0.6998156567	0.7940398168	#DIV/0!	1.1581806116	0.647712132	0.7306532784	2.6050705083	1.2744988078	#DIV/0!	0.1172718837	0.5588431167	0.7185601881	0.5474188665	0.471084164	0	0.4871955075	0.5923290767	0	0.3903482443	0.1884988035	0.1638004379	0.7760692233	0.6953428087	0.5017569212
Alanine	1.0803602603	0.8708116388	#DIV/0!	1.2231674498	0.4388318531	0.6611610418	1.3113097151	0.7317186671	#DIV/0!	0.1959171165	0.109031185	0.2499222043	0.1969879218	0.4199049378	0	0.2549528368	0.3592486958	0	1.3409409507	0.7224617603	0.7566940752	0.9427108677	1.0087921258	1.716133507
Alanine, 3-cyano-	0	0	#DIV/0!	0	0	0	2.2504387288	0.4146751945	#DIV/0!	0	4.3800400091	0.7065396509	0.7112965823	0.3348090033	0	0.0926435328	0.3347174729	0	0.4109716089	0.7286096114	0.0892994913	0.1478375831	0.9980012905	0.0497615323
Alanine, beta-	0.4579432832	0.7342140844	#DIV/0!	0.2984492359	0.3458008818	0.4511533901	1.1185260595	0.5665467917	#DIV/0!	0.1074561498	0.49045868	0.4574050231	0.3212936271	0.2582839662	0	0.2226224015	0.2983143793	0	0.5439234829	0.545324961	0.2105416634	0.2629583781	0.289848565	0.2692168441
Asparagine	0.2740673665	1.0554053325	#DIV/0!	0.4243419527	0.1266483994	2.1241846324	8.0734542193	0.1707102349	#DIV/0!	0.9083427901	0.8676896287	0.0755619717	0.203348321	0.4672963232	0	0.0178440918	0.1920004994	0	0.0478607497	0.4022197244	0.0206909532	0.0286151676	0.058596955	0.0221271194
Aspartic acid	0.9995061714	1.1471503093	#DIV/0!	1.0076323262	0.8262430632	0.9001180353	1.2952916057	0.7228557497	#DIV/0!	0.1431308063	0.4436245114	0.5962925015	0.5785624959	0.2909419974	0	0.911939056	0.9662792966	0	1.0977129829	0.4685268621	0.4791480364	0.5492656507	0.6477811983	0.8524147116
Butanoic acid, 4-amino-	0.8633913837	0.3809050318	#DIV/0!	0.3484070348	0.257976715	0.7586537925	1.8209287197	0.5797361998	#DIV/0!	0.0498648235	0.7999755407	0.5177887125	0.6942764576	0.5408247296	0	0.2279924507	0.7790643685	0	0.3940200608	0.6957232713	0.1690213479	0.2778033242	0.308441415	0.2758524006
Caproic acid, 6-amino-	#DIV/0!	#DIV/0!	#DIV/0!	#DIV/0!	#DIV/0!	#DIV/0!	#DIV/0!	#DIV/0!	#DIV/0!	#DIV/0!	#DIV/0!	#DIV/0!	0	0	0	0	#DIV/0!	0	#DIV/0!	#DIV/0!	#DIV/0!	#DIV/0!	#DIV/0!	#DIV/0!
Glutamic acid	0.4263131433	0.8953823861	#DIV/0!	0.0569751061	0.0557952386	0.1657288485	3.5101172032	0.4434537321	#DIV/0!	0.0239750437	0.8155338339	0.4619136357	0.7260469827	1.1343215975	0	0.0926566667	0.7246481228	0	0.4592120156	0.1285137402	0.3911689915	0.0150546453	0.1148145371	0.0227961813
Glutamine	1.3545773637	0.6095935136	#DIV/0!	0.843425765	0.3453186931	0	4.9634686541	0.5117660549	#DIV/0!	0.7553557139	0.4194000253	0.1121058604	0.5201995564	0.3842035215	0	0.0117239277	0.1636555288	0	0.1665194562	0.7369997188	0.0407213663	0.0341728133	0.0168112603	0.0213260993
Glycine	0.7430887434	1.1140249714	#DIV/0!	0.5878709155	0.6755532816	0.5346276102	1.3795481049	1.2766067183	#DIV/0!	0.023748759	0.0782276638	0.1147096296	0.5589619567	0.2528900564	0	0.0191562372	0.1133119335	0	0.0996982095	0.3514485634	0.2165701411	0.299616604	0.2480247528	0.1672301264
Leucine, cyclo-	#DIV/0!	0	#DIV/0!	0	0	0	#DIV/0!	#DIV/0!	#DIV/0!	#DIV/0!	#DIV/0!	#DIV/0!	3.1596655764	0.3687453009	0	0	#DIV/0!	0	4.218540797	0.1100123362	0.1379004324	1.6936333246	0.2209499146	0.4324047939
Lysine	#DIV/0!	0.7481618759	#DIV/0!	1.1808028435	0.7919144055	1.2633173809	#DIV/0!	#DIV/0!	#DIV/0!	#DIV/0!	#DIV/0!	#DIV/0!	#DIV/0!	#DIV/0!	#DIV/0!	#DIV/0!	#DIV/0!	#DIV/0!	#DIV/0!	#DIV/0!	#DIV/0!	#DIV/0!	#DIV/0!	#DIV/0!
N-Carboxyglycine	0.4995041188	2.3483943976	#DIV/0!	0.423707565	0.2846882712	0.3243868384	1.801824675	5.5721895717	#DIV/0!	0.0128373394	0.1125610018	0.114469835	0.3517655313	1.9210330961	0	0.0091854843	0.0494222562	0	0.2087316228	0.1647929992	0.1207006601	0.2180248409	0.1542859247	0.05267712
Ornithine	0.5343344964	0.913768646	#DIV/0!	0.3692723521	0.1555111421	0.2904882462	2.0562727552	0.6655822651	#DIV/0!	0.074017883	0.6186505945	0.1094138215	0.5986631373	0.4570132761	0	0.0842848786	0.2762796405	0	0.6589526043	0.4100455129	0.2058092935	0.1951087532	0.2317338584	0.1544844286
Phenylalanine	0	0	#DIV/0!	0	0	0	1.504868055	0.4960536712	#DIV/0!	0.0187053712	0.5206210958	0.3094214873	0.4150347083	0.7788580299	0	0.5548568646	0.1001903587	0	0.7078867023	0.3585374541	0.3317025413	0.9597637815	0.1843657214	0
Proline	0.3105415124	0.1992422895	#DIV/0!	0.068985346	0.1668952408	0.1439797273	0.9338100031	0.4967923599	#DIV/0!	0.0270500539	0.2927169254	0.2019843752	0.48131621	0.3350500446	0	0.3787361953	0.5512718237	0	0.2456422826	0.535291002	0.2140836225	0.4616069502	0.2635443381	0.2479199868
Pyroglutamic acid	0.9366054979	0.6903660702	#DIV/0!	0.7986205534	1.4480009071	1.4010239555	0.9426583837	0.7977122643	#DIV/0!	0.4495495414	0.7340894691	1.8815334074	0.7947703483	0.2121814551	0	0.6393891	0.3772315819	0	0.6617753242	0.6062914467	0.2738131816	0.410252034	0.2233188491	0.6640135344
Serine	0.7905958375	0.734968606	#DIV/0!	0.2370687209	0.1157681889	0.1549241736	11.5895258676	0.9717672518	#DIV/0!	0.0127578632	6.2095085084	1.771807276	0.9896686221	7.5863096267	0	1.1675409175	2.3199227174	0	2.3536870522	0.5423052624	5.0224892225	2.7585678706	3.5189701683	0.7860817329
Serine, O-acetyl-	0	0	#DIV/0!	0	0	#DIV/0!	0	0	#DIV/0!	0	0	0	0.4002164099	0.5118805188	0	0	0.2369219817	0	0	0	0	0	#DIV/0!	0
Threonine	0	0.6325033702	#DIV/0!	0.2368497451	0.0285016607	0.0386755101	1.2396226936	0.3412243419	#DIV/0!	0.0177048829	0.99558824	0.9951174962	0.4649009336	0.5623364771	0	0.7135819375	0.8812098586	0	0.5944582416	0.6808967755	0.7950166901	0.6040315679	1.5000280958	0.4329219901
Tyrosine	#DIV/0!	#DIV/0!	#DIV/0!	#DIV/0!	#DIV/0!	#DIV/0!	0	0	#DIV/0!	0	#DIV/0!	0	0.9459571719	0.3323373891	0	0	0.4592180083	0	#DIV/0!	#DIV/0!	#DIV/0!	#DIV/0!	#DIV/0!	#DIV/0!
Valine	0.6111640679	0.8262898412	#DIV/0!	0.6311201292	0.4664045581	0.6573295752	1.4558332822	0.5824976285	#DIV/0!	0.1029588881	0.7216437844	0.5846302264	0.4941046943	0.3223009002	0	0.4913922394	0.583425723	0	1.2408703257	0.5950779059	0.3654260097	0.8607819428	0.9142428904	2.4553031464
3-Indoxyl sulfate	#DIV/0!	#DIV/0!	#DIV/0!	#DIV/0!	#DIV/0!	#DIV/0!	#DIV/0!	#DIV/0!	#DIV/0!	#DIV/0!	#DIV/0!	#DIV/0!	#DIV/0!	#DIV/0!	#DIV/0!	#DIV/0!	#DIV/0!	#DIV/0!	#DIV/0!	#DIV/0!	#DIV/0!	#DIV/0!	#DIV/0!	#DIV/0!
Adenosine, 5-methylthio-	#DIV/0!	#DIV/0!	#DIV/0!	#DIV/0!	#DIV/0!	#DIV/0!	0	0	#DIV/0!	0	#DIV/0!	0	0.564743261	0.5310354266	0	0	1.2221438117	0	0	0	0	0	#DIV/0!	0
Agmatine	#DIV/0!	0	#DIV/0!	0	0	0	0.8829930244	0.3377802553	#DIV/0!	0	0.8538252417	1.8708779615	0.374148024	1.2485781326	0	0.190692907	1.4526166862	0	0.4656404892	0.3717354209	0.2955184458	0.2011538285	0	0.274979665
Arginine	#DIV/0!	#DIV/0!	#DIV/0!	#DIV/0!	#DIV/0!	#DIV/0!	0	0	#DIV/0!	0	#DIV/0!	0	1.0085385545	0.8265020509	0	0	0.7113938222	0	0	0	0	0	0	0
Isonicotinic acid	#DIV/0!	#DIV/0!	#DIV/0!	#DIV/0!	#DIV/0!	#DIV/0!	#DIV/0!	#DIV/0!	#DIV/0!	#DIV/0!	#DIV/0!	#DIV/0!	0.5927437887	0.7022546754	0	#DIV/0!	1.1366883907	0	1.0293606266	0.1786838842	0.4755208046	#DIV/0!	0.4587046396	1.0636041197
Nicotinic acid, 6-hydroxy-	#DIV/0!	#DIV/0!	#DIV/0!	#DIV/0!	#DIV/0!	#DIV/0!	#DIV/0!	#DIV/0!	#DIV/0!	#DIV/0!	#DIV/0!	#DIV/0!	#DIV/0!	#DIV/0!	#DIV/0!	#DIV/0!	#DIV/0!	#DIV/0!	#DIV/0!	#DIV/0!	#DIV/0!	#DIV/0!	#DIV/0!	#DIV/0!
Putrescine	1.133316988	0.6414043742	#DIV/0!	0.4210895994	0.9268619617	0.8314169541	1.3481379753	0.4888112103	#DIV/0!	0.1266922066	0.9716508108	1.1970927852	0.6749971463	0.6613511758	0	0.2993346669	1.605853248	0	0.5258481103	0.470137216	0.5345024627	0.5181122904	0.3815414832	0.2928845111
Pyrrole-2-carboxylic acid	#DIV/0!	#DIV/0!	#DIV/0!	#DIV/0!	#DIV/0!	#DIV/0!	#DIV/0!	#DIV/0!	#DIV/0!	#DIV/0!	#DIV/0!	#DIV/0!	0.3891168693	0.6711957649	0	0	0.8830133519	0	0.2277045736	0.2899272879	0.4938913397	0.7663122381	0.8563869375	0.640131287
Spermidine	0.5287304572	0.9872029316	#DIV/0!	0.9635566569	0.854992486	1.2060373993	4.9313355405	0.3165581091	#DIV/0!	0.0825413078	0.9282790843	0.0655274926	0.5498728045	0.3377243681	0	0.0673022263	3.0210233995	0	0.4496042548	0.1725023866	1.505559584	0.2093505428	0.1879587721	0.1255480321
Tyramine	0	1.0144318699	#DIV/0!	1.3965862744	1.8834312499	1.53150313	1.5494768212	0.458678099	#DIV/0!	#DIV/0!	2.1766307189	0.5189637616	0.6575007207	0.7018023634	0	0.1085671019	0.7981091514	0	1.4547832716	0.0718615337	0.4018972107	0.0765479177	0.0863402798	0.1378334277
Uracil	0	0	#DIV/0!	0	0	0	1.2944820236	0.6264951785	#DIV/0!	0	#DIV/0!	1.4837704544	0.7487582462	0.3459246506	0	0.529409868	0.5189009396	0	0.4926047114	0.9478375617	0.144236965	0.178822988	0.2855056789	0.2927354004
Uric acid	0.8796295136	0.9062949034	#DIV/0!	1.0615027096	0.5865813525	0.7708326261	1.5513797168	0.7511230904	#DIV/0!	0.3480498862	1.4253190725	1.1907110798	0.7778484001	0.7956616739	0	1.5710577316	1.1130697359	0	1.0623575909	1.0074439799	0.8620605806	2.2948825817	0.8653224426	1.2534173439
Sinapic acid, cis-	0.5814405397	1.0786868277	#DIV/0!	1.1239402041	0.677252647	0.9335004895	2.4366901388	0.7130745225	#DIV/0!	0.2760109519	1.2662359275	1.0953372735	1.3041562832	1.08060422	0	0.6411248638	0.7171276624	0	0.67909402	0.8216041974	0.4502864798	0.5451005327	0.3844865101	0.3918386263
Fructose-6-phosphate	0.3551607484	0.5392915014	#DIV/0!	0.7538331334	0.6043608054	0.3889488101	1.6606068577	0.8463794492	#DIV/0!	0.3172000897	0.4836115599	0.6046435664	0.4778119447	0.4584379764	0	0.7399427526	0.6132824836	0	0.4725241292	0.2752351051	0.3941123775	1.4098180004	0.3207748424	0.5037722643
Glucose-6-phosphate	0.4708523118	0.5521204136	#DIV/0!	0.5971689566	0.6704978108	0.6322191243	1.4552602058	1.117504941	#DIV/0!	0.2075149288	0.6130011681	0.5633404006	0.4555965392	0.3717272819	0	0.4777269959	0.7439623357	0	0.3866810398	0.2161913615	0.3513197798	0.4439524236	0.2545270978	0.4121324171
Glyceric acid-3-phosphate	#DIV/0!	#DIV/0!	#DIV/0!	#DIV/0!	#DIV/0!	#DIV/0!	#DIV/0!	#DIV/0!	#DIV/0!	#DIV/0!	#DIV/0!	#DIV/0!	0	0	0	0	#DIV/0!	0	#DIV/0!	#DIV/0!	#DIV/0!	#DIV/0!	#DIV/0!	#DIV/0!
Glycerol-3-phosphate	0.3550236262	0.4726952377	#DIV/0!	0.4754453312	0.3527373674	0.6665325833	1.1016874897	0.7430128734	#DIV/0!	0.2966131548	1.6901612238	0.7029239414	0.4202121558	0.6744515347	0	0.7994487782	0.7941636547	0	0.677734909	0.2811786873	0.4082531468	0.4713314942	0.364011827	0.7412044318
Glycerophosphoglycerol	0.2942628513	0.5682328511	#DIV/0!	0.4281992803	0.3959204412	0.3305198589	1.5661320852	0.4550739856	#DIV/0!	0.2026661008	0.808635957	0.7022937919	0.4756760216	0.5215840394	0	0.337122036	0.883527482	0	0.6273720447	0.2074421353	0.5039154008	0.5658922496	0.6281349489	0.5530666211
Inositol-phosphate, myo-	#DIV/0!	#DIV/0!	#DIV/0!	#DIV/0!	#DIV/0!	#DIV/0!	0	0	#DIV/0!	0	0	0	#DIV/0!	#DIV/0!	#DIV/0!	#DIV/0!	#DIV/0!	#DIV/0!	#DIV/0!	#DIV/0!	#DIV/0!	#DIV/0!	#DIV/0!	#DIV/0!
Mannose-6-phosphate	0	0	#DIV/0!	0	0	0	1.7103362077	0.7986680183	#DIV/0!	0.2454789029	0.7116724395	0.662131919	0.6846788652	0.4880593188	0	0.5270461891	0.7270065751	0	0.5225783877	0.266770726	0.4521367195	0.5412861984	0.2262804635	0.4170923929
Phosphonic acid, hydroxymethyl-	#DIV/0!	#DIV/0!	#DIV/0!	#DIV/0!	#DIV/0!	#DIV/0!	#DIV/0!	#DIV/0!	#DIV/0!	#DIV/0!	#DIV/0!	#DIV/0!	0	0	0	0	0	#DIV/0!	#DIV/0!	#DIV/0!	#DIV/0!	#DIV/0!	#DIV/0!	#DIV/0!
Phosphoric acid	0.1476679036	0.2790141927	#DIV/0!	0.2030814732	0.171292486	0.2400218399	0.4574550921	0.7056821421	#DIV/0!	0.1055525298	0.8315509848	0.5622274222	0.5659728111	0.3782905468	0	0.1103092689	0.1207510487	0	0.3148763138	0.3381385975	0.1158443574	0.1982925451	0.1677890652	0.2299939758
Phosphoric acid monomethyl ester	0.0810450777	0.1869089141	#DIV/0!	0.336153623	1.0627761227	0.5945769401	0.4915726413	1.1749689869	#DIV/0!	0.0262497222	0.5666782969	0.3500206484	0.3753965102	0.6234502434	0	0.4557315499	0.664330299	0	0.2099481218	0.1462471941	0.2880914303	0.5032274792	0.5226827417	0.4579897944
Arabinonic acid-1,4-lactone	0	0	#DIV/0!	0	0	0	2.3507665745	0.8784191448	#DIV/0!	0	0.784084652	0.8030927705	0.8340452953	1.215925293	0	0.4410256645	0.5617424895	0	0.89258201	0	0.3054931191	0.4280213663	0.282640534	0.2526946147
Ascorbic acid	#DIV/0!	#DIV/0!	#DIV/0!	#DIV/0!	#DIV/0!	#DIV/0!	0	0	#DIV/0!	0	0	0	1.3751702819	1.2550709466	#DIV/0!	0	0.3322663713	0	0	0	0	0	#DIV/0!	0
Dehydroascorbic acid dimer	0.0872117798	0.0993117456	#DIV/0!	2.9764806693	0	0.6707634679	0.2092433983	0.0918857999	#DIV/0!	0.0294155037	0.9652710953	1.2943327594	0.6585315763	0.1317142978	0	0	0.3132169734	0	0.4536242935	0.0027168862	0.0412954682	0.4363474651	0.0322691203	0.0244141142
Erythronic acid	0.6292703702	1.2119067135	#DIV/0!	1.0430020649	0.8223354465	0.9856704677	1.7005498976	0.9727684824	#DIV/0!	0.1338939063	0.6365352219	0.6713917868	0.4154407442	0.4575547267	0	0.6181194364	0.8278736065	0	0.4205226245	0.3832958006	0.2358071251	0.5392775889	0.4357584592	0.4306688537
Galactonic acid	0.6080167687	0.8321581339	#DIV/0!	0.7948255995	0.7040636071	0.7484644384	1.2567421008	0.6264377761	#DIV/0!	0.3847381337	0.9398220583	1.251514302	0.4343898707	0.5496018557	0	0.8060658957	0.8137834929	0	0.4768531399	0.2703731868	0.3977322654	0.7428187557	0.8675721494	0.7935148492
Gluconic acid	#DIV/0!	#DIV/0!	#DIV/0!	#DIV/0!	#DIV/0!	#DIV/0!	#DIV/0!	#DIV/0!	#DIV/0!	#DIV/0!	#DIV/0!	#DIV/0!	#DIV/0!	#DIV/0!	#DIV/0!	#DIV/0!	#DIV/0!	#DIV/0!	#DIV/0!	#DIV/0!	#DIV/0!	#DIV/0!	#DIV/0!	#DIV/0!
Glyceric acid	0.6995913845	0.7341312468	#DIV/0!	0.9238185144	1.2764946004	0.9453776084	1.3120431977	0.7858611295	#DIV/0!	0.1236409477	0.4719003689	0.4963181639	0.6368629904	0.6017040026	0	1.0465949726	1.2417151032	0	0.7210180793	0.7416248461	0.5525785472	0.7480574507	0.7369442173	0.9009866046
Lyxonic acid	1.1814962957	1.7758042913	#DIV/0!	0.6126975205	0.4591170077	1.0392503119	1.907987656	0.7254354456	#DIV/0!	0.1537245911	0.9711265338	0.9574304834	0.5515873091	1.2852504055	0	0.5664253105	0.8579235606	0	1.0651031537	0.1294091124	0.5767979403	0.3909846301	0.6206395264	0.5592976349
Lyxonic acid-1,4-lactone	2.1382377571	1.84060624	#DIV/0!	0.5547811903	0.3269765319	0.3183004843	2.1999962817	0.6327736318	#DIV/0!	0	0.7935759356	0.7428290109	0.3649563156	1.1937733085	0	0.4512487294	1.1967867255	0	1.5246892874	0.1282121864	0.3376614672	0.6278391579	0.7579632277	0.3802303772
Ribonic acid	1.5651906294	1.9443263934	#DIV/0!	0.9247144046	0.5600967048	1.4646558557	2.2283379788	0.5995131132	#DIV/0!	0.3763664707	1.1270406711	1.3090769367	0.5433633983	1.0799580667	0	1.0262970081	1.4274566909	0	1.1529586945	0.2049005389	0.9428877791	0.5100332312	1.077715843	0.9956155241
Ribonic acid-gamma-lactone	#DIV/0!	#DIV/0!	#DIV/0!	#DIV/0!	#DIV/0!	#DIV/0!	#DIV/0!	#DIV/0!	#DIV/0!	#DIV/0!	#DIV/0!	#DIV/0!	#DIV/0!	#DIV/0!	#DIV/0!	#DIV/0!	#DIV/0!	#DIV/0!	#DIV/0!	#DIV/0!	#DIV/0!	#DIV/0!	#DIV/0!	#DIV/0!
Saccharic acid	#DIV/0!	#DIV/0!	#DIV/0!	#DIV/0!	#DIV/0!	#DIV/0!	#DIV/0!	#DIV/0!	#DIV/0!	#DIV/0!	#DIV/0!	#DIV/0!	#DIV/0!	#DIV/0!	#DIV/0!	#DIV/0!	#DIV/0!	#DIV/0!	#DIV/0!	#DIV/0!	#DIV/0!	#DIV/0!	#DIV/0!	#DIV/0!
Threonic acid	1.0121670763	1.5366810517	#DIV/0!	1.3569324296	1.1967265548	1.7990503368	3.0780123459	0.7497661512	#DIV/0!	1.1747905522	1.1563098992	0.8997609431	0.5259673053	0.7569537717	0	0.9517572361	1.632828698	0	0.4159425982	0.3016570264	0.7268209695	0.4940646348	0.7905413884	0.8670443025
Threonic acid-1,4-lactone	0.4153067861	0.6075862978	#DIV/0!	0.7721609127	0.5932041331	0.2208219646	1.5513419719	0.8456562308	#DIV/0!	0	1.0498016708	0.7510904476	0.4747205352	0.463138415	0	0.3123178625	0.3942062479	0	0.2973842284	0.1735551758	0.1583668681	0.5656535462	0.35243674	0.101170479
Erythritol	0.1934934253	0.2562518921	#DIV/0!	0	0.310379663	0.3018678619	0.570249002	0.517796558	#DIV/0!	0	0.2344858154	0.3680911635	0.1651482634	0	0	0.3439262275	0.3183663072	0	0	0	0	0	0	0
Inositol, myo-	0.381697451	0.5422695655	#DIV/0!	0.4045771128	0.2287493309	0.236126162	1.0374938077	0.4894401793	#DIV/0!	0.2560363183	1.1303036836	0.7545603315	0.4232187762	0.4666844242	0	0.9492825342	1.0424383598	0	0.5385424539	0.5636774973	1.1046819582	1.1514864632	1.2293341279	0.7619647474
beta-D-Galactopyranoside, 1-isopropyl-, 1-thio-	0.5724193998	0.9586633813	#DIV/0!	0.5008187998	0.4910652024	0.4043255494	1.4134646072	0.620648895	#DIV/0!	0.1647300036	0.5081243687	0.5571720874	0.7157249446	0.818245493	0	0.2138854748	0.9575699803	0	0.4515849326	0.1098322987	0.6435074781	0.562749013	0.3342725373	0.2260024985
Galactinol	0.1847286396	0.1191040164	#DIV/0!	0.107979984	0.0569469288	0.0530216619	0.8799571813	0.6795940371	#DIV/0!	0.2994210029	0.4730475518	0.1045346579	0.1621662805	0.1195333283	0	1.27641107	0.4440462271	0	0.2358006607	0.9603300429	0.3747231113	1.8964927524	1.4624418684	0.8816282175
Maltitol	#DIV/0!	#DIV/0!	#DIV/0!	#DIV/0!	#DIV/0!	#DIV/0!	#DIV/0!	#DIV/0!	#DIV/0!	#DIV/0!	#DIV/0!	#DIV/0!	#DIV/0!	#DIV/0!	#DIV/0!	#DIV/0!	#DIV/0!	#DIV/0!	#DIV/0!	#DIV/0!	#DIV/0!	#DIV/0!	#DIV/0!	#DIV/0!
Salicylic acid-glucopyranoside	#DIV/0!	#DIV/0!	#DIV/0!	#DIV/0!	#DIV/0!	#DIV/0!	#DIV/0!	#DIV/0!	#DIV/0!	#DIV/0!	#DIV/0!	#DIV/0!	#DIV/0!	#DIV/0!	#DIV/0!	#DIV/0!	#DIV/0!	#DIV/0!	#DIV/0!	#DIV/0!	#DIV/0!	#DIV/0!	#DIV/0!	#DIV/0!
Fructose	0.5551872566	1.1716010988	#DIV/0!	0.7023109802	0.3830884694	0.385540524	3.2323242166	6.7599196813	#DIV/0!	0.0174227469	0.0922505094	0.0573886844	0.7352538236	0.2277654738	0	0.121980993	0.8854594547	0	0.2208178172	0.3024442729	0.1700486524	4.0694869575	2.3707106461	0.6541770486
Glucose	0.5425093286	1.2606329798	#DIV/0!	1.1518685286	0.8113750392	0.582579645	2.5226916714	3.013822733	#DIV/0!	0.0609198325	0.212440514	0.0764911416	0.2873893166	0.2044637677	0	0.1183394901	0.4964917012	0	0.0760702778	0.2542806569	0.1221924667	1.8504691338	0.6013102955	0.1828570602
Glucose, 1,6-anhydro-, beta-	1.442119321	1.7955299963	#DIV/0!	1.6568984428	0.7046158684	0.7028733955	1.3381553538	0.4067273693	#DIV/0!	0.2030596939	1.3754885788	1.2351002573	0.3451379565	0.709908963	0	0.8728956939	0.9064708787	0	0.9616712911	0.8446953277	0.5067157673	0.9510712301	0.6106799345	0.8597859078
Maltose	0.0918763232	1.0515572746	#DIV/0!	0.4828155691	0.5204396019	2.6397010265	2.9646866271	1.4538344202	#DIV/0!	0.1267298115	0.4761606167	0.5681161973	1.5065156886	0.9484092875	0	0.6103837929	1.3410412739	0	0.5194615625	0.2329799611	0.6698857967	1.3456118046	0.7661549391	0.3654235242
Maltotriose	#DIV/0!	#DIV/0!	#DIV/0!	#DIV/0!	#DIV/0!	#DIV/0!	#DIV/0!	#DIV/0!	#DIV/0!	#DIV/0!	#DIV/0!	#DIV/0!	#DIV/0!	#DIV/0!	#DIV/0!	#DIV/0!	#DIV/0!	#DIV/0!	#DIV/0!	#DIV/0!	#DIV/0!	#DIV/0!	#DIV/0!	#DIV/0!
Melibiose	#DIV/0!	#DIV/0!	#DIV/0!	#DIV/0!	#DIV/0!	#DIV/0!	#DIV/0!	#DIV/0!	#DIV/0!	#DIV/0!	#DIV/0!	#DIV/0!	#DIV/0!	#DIV/0!	#DIV/0!	#DIV/0!	#DIV/0!	#DIV/0!	0.3171581291	2.2494629029	#DIV/0!	4.8204703367	3.394336523	3.1521972488
Raffinose	0.1020945962	0.1448656798	#DIV/0!	0.0427220997	0.0176043793	0	0.6543593818	0.5981343553	#DIV/0!	0.0187845712	0.1998088635	0.1438006956	0.1785576999	0.1530010574	0	1.0383332629	0.530692867	0	0.1680543869	1.0632705493	0.3825133541	1.6902184907	2.1048708289	1.2679711552
Sucrose	0.7960590229	0.9500441664	#DIV/0!	0.9017909148	0.6485996511	0.9973522889	1.3360414372	0.7976550604	#DIV/0!	0.2122890996	0.4886462843	0.6504764927	0.5844773918	0.3293051485	0	0.6399927983	0.4838179102	0	0.6669065849	0.8308896494	0.2447327444	0.4853882339	0.3379066813	0.6065134081
Trehalose, alpha,alpha'-	0.7447068621	0.7309435336	#DIV/0!	0.5786943847	0.6000671359	0.4901092619	1.9677342089	0.6460799445	#DIV/0!	0.2203543901	0.6425809186	0.7874453579	0.5768197084	0.6062540898	0	0.3041387442	0.4883455753	0	0.2265801383	0.344921427	0.3446433472	0.556566977	0.2536226561	0.2434017481
Xylose	0.9677194216	1.3852403989	#DIV/0!	1.2224674113	1.0467338098	0.6667856845	1.2441306797	0.5044884449	#DIV/0!	0.1990963796	0.7132685856	1.0925756872	0.8640697748	0.8638577554	0	0.9341319238	1.8501956808	0	2.9478805577	0.8501229942	1.3374945054	1.1138139087	0.8973593336	0.9210029389
Nonanoic acid	0.6862578205	0.3520045283	#DIV/0!	0.8023417726	0.7669876656	1.0718638969	0.97144059	0.8821723737	#DIV/0!	#DIV/0!	0.7431062744	1.0912216691	0.7655026307	0.3261668675	0	0.7909261774	0.218556731	0	0.7890928671	1.0699109084	0.2354574801	0.4306511493	0.2736734732	0.7073643269
