d0_kNumbMadeConstraints	d0_usedminratio	d0_usedmaxratio	d0_allratios	d1_kNumbMadeConstraints	d1_usedminratio	d1_usedmaxratio	d1_allratios	d7_kNumbMadeConstraints	d7_usedminratio	d7_usedmaxratio	d7_allratios	d21_kNumbMadeConstraints	d21_usedminratio	d21_usedmaxratio	d21_allratios
249	0	8078.9132754378	4.00981764629232e+15	250	0	6275.92465663296	424956168957596	252	0	396731.528402942	27321142210799.2	176	0	348151.367796615	6.58044300262824e+32
NaN	0	163298.674891178	3313348.40616379	NaN	0	79089.533590356	1220394.27354353	NaN	0	2593.13091569494	396731.528402942	NaN	0	306067.912146459	47631359937779.8
NaN	0	8037.46328804841	8078.9132754378	NaN	0	4490.58670623817	6275.92465663296	NaN	0	29806.3309163388	2593.13091569494	NaN	0	332101.683708597	206994994.604593
NaN	0	8148.52746769572	163298.674891178	NaN	0	4542.41878574316	79089.533590356	NaN	0	2322.334321658	29806.3309163388	NaN	0	392943.828611017	89705421903.101
NaN	0	417.952286733039	8037.46328804841	NaN	0	301.290624691183	4490.58670623817	NaN	0	2268.89898489035	2322.334321658	NaN	0	405100.093996936	165351852.336295
NaN	0	407.774202966128	8148.52746769572	NaN	0	275.517596323723	4542.41878574316	NaN	0	180.200978750234	2268.89898489035	NaN	0	365575.933111144	165171857.503674
NaN	0	416.15825872765	417.952286733039	NaN	0	313.484807739215	301.290624691183	NaN	0	174.558511947453	180.200978750234	NaN	0	365575.933111144	348151.367796615
NaN	0	418.120185566047	407.774202966128	NaN	0	309.50576376427	275.517596323723	NaN	0	177.572126228029	174.558511947453	NaN	0	365575.933111144	306067.912146459
NaN	0	401.681301306058	416.15825872765	NaN	0	335.676174670454	313.484807739215	NaN	0	183.593254502069	177.572126228029	NaN	0	368817.887541214	332101.683708597
NaN	0	420.285512812359	418.120185566047	NaN	0	351.242683014824	309.50576376427	NaN	0	211.641136946014	183.593254502069	NaN	0	368817.887541214	392943.828611017
NaN	0	420.285512812359	401.681301306058	NaN	0	351.242683014824	335.676174670454	NaN	0	182.901559812059	211.641136946014	NaN	0	358977.980183113	405100.093996936
NaN	0	420.285512812359	420.285512812359	NaN	0	351.242683014824	351.242683014824	NaN	0	182.901559812059	182.901559812059	NaN	0	3699.54753859863	365575.933111144
NaN	0	426.606136079279	420.285512812359	NaN	0	338.836230283804	351.242683014824	NaN	0	182.901559812059	182.901559812059	NaN	0	3699.54753859863	365575.933111144
NaN	0	426.606136079279	420.285512812359	NaN	0	338.836230283804	351.242683014824	NaN	0	188.383110295216	182.901559812059	NaN	0	3699.54753859863	365575.933111144
NaN	0	433.127619507127	426.606136079279	NaN	0	333.693051391603	338.836230283804	NaN	0	188.383110295216	188.383110295216	NaN	0	11731.1708292398	368817.887541214
NaN	0	433.127619507127	426.606136079279	NaN	0	20.4369800281487	338.836230283804	NaN	0	188.120553037108	188.383110295216	NaN	0	368817.887541214	368817.887541214
NaN	0	433.127619507127	433.127619507127	NaN	0	20.4369800281487	333.693051391603	NaN	0	20.2005498494358	188.120553037108	NaN	0	374295.578008843	358977.980183113
NaN	0	433.127619507127	433.127619507127	NaN	0	20.4369800281487	20.4369800281487	NaN	0	20.2005498494358	20.2005498494358	NaN	0	323772.529340897	3699.54753859863
NaN	0	62.428189015444	433.127619507127	NaN	0	8.55196268716401	20.4369800281487	NaN	0	20.2005498494358	20.2005498494358	NaN	0	2889.34037895337	3699.54753859863
NaN	0	445.230259247939	433.127619507127	NaN	0	338.836230283804	20.4369800281487	NaN	0	88.7418744668894	20.2005498494358	NaN	0	3038.34230615427	3699.54753859863
NaN	0	436.935631891304	62.428189015444	NaN	0	354.225337006715	8.55196268716401	NaN	0	188.383110295216	88.7418744668894	NaN	0	326072.780191871	11731.1708292398
NaN	0	420.856130277328	445.230259247939	NaN	0	305.070683827181	338.836230283804	NaN	0	188.434269214854	188.383110295216	NaN	0	3153.33285243373	368817.887541214
NaN	0	75.7695096596875	436.935631891304	NaN	0	35.9395910574357	354.225337006715	NaN	0	169.940002439037	188.434269214854	NaN	0	4342.48191924486	374295.578008843
NaN	0	84.8467811386696	420.856130277328	NaN	0	37.7001468124593	305.070683827181	NaN	0	30.3108678674351	169.940002439037	NaN	0	3394.51264294144	323772.529340897
NaN	0	431.178945620522	75.7695096596875	NaN	0	304.132462525155	35.9395910574357	NaN	0	33.6976318897005	30.3108678674351	NaN	0	327637.37399145	2889.34037895337
NaN	0	29.4322528489894	84.8467811386696	NaN	0	29.3053075996371	37.7001468124593	NaN	0	177.953346610838	33.6976318897005	NaN	0	364650.38769237	3038.34230615427
NaN	0	53.5882453372575	431.178945620522	NaN	0	7.81064305552292	304.132462525155	NaN	0	56.320236947562	177.953346610838	NaN	0	364650.38769237	326072.780191871
NaN	0	48.8799420456074	29.4322528489894	NaN	0	23.3435297396788	29.3053075996371	NaN	0	103.308993111441	56.320236947562	NaN	0	364650.38769237	3153.33285243373
NaN	0	416.447841550696	53.5882453372575	NaN	0	312.061449231054	7.81064305552292	NaN	0	43.1146897601001	103.308993111441	NaN	0	377844.848964535	4342.48191924486
NaN	0	409.986999558349	48.8799420456074	NaN	0	324.560096430771	23.3435297396788	NaN	0	195.208985621197	43.1146897601001	NaN	0	2660.24327686545	3394.51264294144
NaN	0	409.986999558349	416.447841550696	NaN	0	324.560096430771	312.061449231054	NaN	0	184.040332233327	195.208985621197	NaN	0	2650.36241361665	327637.37399145
NaN	0	409.986999558349	409.986999558349	NaN	0	324.560096430771	324.560096430771	NaN	0	184.040332233327	184.040332233327	NaN	0	572616.297080683	364650.38769237
NaN	0	459.326144204642	409.986999558349	NaN	0	314.447066487006	324.560096430771	NaN	0	184.040332233327	184.040332233327	NaN	0	353503.928159055	364650.38769237
NaN	0	8238.12064643634	409.986999558349	NaN	0	4719.67361464392	324.560096430771	NaN	0	201.48852055206	184.040332233327	NaN	0	348810.126257094	364650.38769237
NaN	0	76.7334243199304	459.326144204642	NaN	0	32.0910506628823	314.447066487006	NaN	0	2308.62987567048	201.48852055206	NaN	0	323946.447215401	377844.848964535
NaN	0	86.1113360437135	8238.12064643634	NaN	0	32.7531374430739	4719.67361464392	NaN	0	30.9367771079956	2308.62987567048	NaN	0	13.3209200269622	181578772.761232
NaN	0	7987.98187107201	76.7334243199304	NaN	0	5472.22442145694	32.0910506628823	NaN	0	32.0635492244908	30.9367771079956	NaN	0	361704.03589116	2660.24327686545
NaN	0	8043.03171833304	86.1113360437135	NaN	0	5139.69206967782	32.7531374430739	NaN	0	2414.61448957909	32.0635492244908	NaN	0	309831.14054659	2650.36241361665
NaN	0	432.347255733924	7987.98187107201	NaN	0	525.326691194333	5472.22442145694	NaN	0	2475.54824492762	2414.61448957909	NaN	0	334442.432948082	202514185.049869
NaN	0	413.593833445835	8043.03171833304	NaN	0	288.156145844669	5139.69206967782	NaN	0	284.089369990979	2475.54824492762	NaN	0	5936.04121657564	183293517.576736
NaN	0	422.949325156166	432.347255733924	NaN	0	317.224650285075	525.326691194333	NaN	0	188.652479336588	284.089369990979	NaN	0	5394.25210894111	572616.297080683
NaN	0	427.604670883127	413.593833445835	NaN	0	285.763787767921	288.156145844669	NaN	0	179.017313958488	188.652479336588	NaN	0	305166.142945857	353503.928159055
NaN	0	8829.4643466324	422.949325156166	NaN	0	4740.46333508749	317.224650285075	NaN	0	180.569934553995	179.017313958488	NaN	0	328098.280508275	348810.126257094
NaN	0.076348530536886	2.8090022439332	427.604670883127	NaN	0	2.51208891496929	285.763787767921	NaN	0	2530.39725466126	180.569934553995	NaN	0	335858.268452938	323946.447215401
NaN	0	417.522954327153	8829.4643466324	NaN	0	346.201722342373	4740.46333508749	NaN	1.33819886597531	4.12883601721576	2530.39725466126	NaN	0	344183.429778749	178964543.930669
NaN	0	413.936319919113	2.8090022439332	NaN	0	274.928171664377	2.51208891496929	NaN	0	193.867426120507	4.12883601721576	NaN	0	6853.41395064517	13.3209200269622
NaN	0	1183.1965074917	417.522954327153	NaN	0	464.828465626817	346.201722342373	NaN	0	176.668531565115	193.867426120507	NaN	0	337682.026986022	361704.03589116
NaN	0	411.144787313984	413.936319919113	NaN	0	275.811495367267	274.928171664377	NaN	0	509.26899444385	176.668531565115	NaN	0	323946.447215401	309831.14054659
NaN	0	8263.2929564357	1183.1965074917	NaN	0	5449.90445713184	464.828465626817	NaN	0	188.348934323561	509.26899444385	NaN	0	1434.25502020519	4391434.46481493
NaN	0	38.8311449065792	411.144787313984	NaN	0	26.879885511368	275.811495367267	NaN	0	2364.65821356054	188.348934323561	NaN	0	1229.98673011711	334442.432948082
NaN	0	25.0498878335716	8263.2929564357	NaN	0	13.2937029726507	5449.90445713184	NaN	0	36.9223374742374	2364.65821356054	NaN	0	3378.16171516823	188624173.811034
NaN	0	402.57188196455	38.8311449065792	NaN	0	272.761981798282	26.879885511368	NaN	0	43.793432167094	36.9223374742374	NaN	0	287396.060971182	5936.04121657564
NaN	0	416.658770816181	25.0498878335716	NaN	0	296.728662320451	13.2937029726507	NaN	0	436720.766131035	43.793432167094	NaN	0	571.156553102248	5394.25210894111
NaN	0	418.73410319621	1627663438.86666	NaN	0	287.792358547396	348578796.636797	NaN	0	176.673063661697	76758177.931207	NaN	0	627.092292285449	1.67161191873107e+19
NaN	0	419.282907064395	3309529.02382499	NaN	0	295.980338033705	1311560.00930984	NaN	0	172.458553902638	436720.766131035	NaN	0	2951.18341425796	61842265914522.9
NaN	0	71.8283888537693	8.59048847891661e+16	NaN	0	84.0190494820915	9.00543868464839e+15	NaN	0	182.192210979145	415358822296507	NaN	0	316955.653510418	5.93120622738665e+35
NaN	0	715.34061251455	402.57188196455	NaN	0	296.752975022195	272.761981798282	NaN	0	196.249246202714	176.673063661697	NaN	0	634.595767250833	305166.142945857
NaN	0	418.420710761231	416.658770816181	NaN	0	304.569138114575	296.728662320451	NaN	0	24.6457395211442	172.458553902638	NaN	0	296383.068150009	328098.280508275
NaN	0	427.604670883127	418.73410319621	NaN	0	285.763787767921	287.792358547396	NaN	0	1149.86387266777	182.192210979145	NaN	0	7223.58552243467	335858.268452938
NaN	0	29.733455135117	419.282907064395	NaN	0	31.3957206932514	295.980338033705	NaN	0	175.885698826481	196.249246202714	NaN	0	335368.846462343	344183.429778749
NaN	0	8325.15757954821	71.8283888537693	NaN	0	5387.85091563938	84.0190494820915	NaN	0	180.569934553995	24.6457395211442	NaN	0	13.3209200269622	6853.41395064517
NaN	0	31.086805480859	715.34061251455	NaN	0	29.2451730480338	296.752975022195	NaN	0	23.7211409961544	1149.86387266777	NaN	0	13.5432651574773	5237759.45148189
NaN	0	51.0794514346131	418.420710761231	NaN	0	22.940356441719	304.569138114575	NaN	0	2518.38775753277	175.885698826481	NaN	0	361704.03589116	337682.026986022
NaN	0	436.326759079557	427.604670883127	NaN	0	330.931479794522	285.763787767921	NaN	0	23.3836647115578	180.569934553995	NaN	0	367741.391487115	323946.447215401
NaN	0	7944.19683356215	29.733455135117	NaN	0	4704.69466966185	31.3957206932514	NaN	0	42.2033168762785	23.7211409961544	NaN	0	360021.191277944	1434.25502020519
NaN	0	20.352424434163	8325.15757954821	NaN	0	16.8510698062755	5387.85091563938	NaN	0	159.60737928802	2518.38775753277	NaN	0	394629.218426981	222778934.486746
NaN	0	20.45005436629	31.086805480859	NaN	0	20.3634386458035	29.2451730480338	NaN	0	2423.03291558532	23.3836647115578	NaN	0	516.460425697288	1229.98673011711
NaN	0	8151.65133577312	51.0794514346131	NaN	0	5519.37134735616	22.940356441719	NaN	0	13.4531201116376	42.2033168762785	NaN	0	323301.410816164	3378.16171516823
NaN	0	35.5715699378351	436.326759079557	NaN	0	19.5332701086516	330.931479794522	NaN	0	14.2617019123223	159.60737928802	NaN	0	303131.332431451	287396.060971182
NaN	0	398.004557360519	7944.19683356215	NaN	0	283.523044824958	4704.69466966185	NaN	0	2464.22384612809	2423.03291558532	NaN	0	322075.719338642	178923066.483838
NaN	0	20.4090244993277	20.352424434163	NaN	0	19.1444764093642	16.8510698062755	NaN	0	25.4266720643011	13.4531201116376	NaN	0	2704.87505645709	571.156553102248
NaN	0	394.642759435545	20.45005436629	NaN	0	269.335774553823	20.3634386458035	NaN	0	183.68676085624	14.2617019123223	NaN	0	307967.898355616	627.092292285449
NaN	0	1453.95529281561	8151.65133577312	NaN	0	344.494364573149	5519.37134735616	NaN	0	14.0539887262645	2464.22384612809	NaN	0	298382.424925201	184109795.010868
NaN	0	66.2742714034448	35.5715699378351	NaN	0	20.1801317830446	19.5332701086516	NaN	0	174.813588129698	25.4266720643011	NaN	0	359896.927969911	2951.18341425796
NaN	0	413.402836370776	398.004557360519	NaN	0	303.968516333046	283.523044824958	NaN	0	683.375491937941	183.68676085624	NaN	0	288298.206652725	316955.653510418
NaN	0	8253.70640465595	20.4090244993277	NaN	0	5004.35203454998	19.1444764093642	NaN	0	49.7966105364067	14.0539887262645	NaN	0	321125.571951969	634.595767250833
NaN	0	8253.70640465595	394.642759435545	NaN	0	5004.35203454998	269.335774553823	NaN	0	181.063635044192	174.813588129698	NaN	0	305971.328183449	296383.068150009
NaN	0	8480.07887810659	1453.95529281561	NaN	0	5126.04916624153	344.494364573149	NaN	0	2380.04755989551	683.375491937941	NaN	0	340055.636558779	4213725.62056903
NaN	0	8076.79899355503	66.2742714034448	NaN	0	4892.43184674928	20.1801317830446	NaN	0	2380.04755989551	49.7966105364067	NaN	0	295318.640218526	7223.58552243467
NaN	0.076348530536886	2.8090022439332	413.402836370776	NaN	0	2.51208891496929	303.968516333046	NaN	0	2298.47179150071	181.063635044192	NaN	0	337871.344406542	335368.846462343
NaN	0.0754071134741691	2.78100189059639	8253.70640465595	NaN	0	2.52718320600719	5004.35203454998	NaN	0	2458.44758172424	2380.04755989551	NaN	0	308199.138806114	181716947.50644
NaN	0	417.522954327153	8253.70640465595	NaN	0	346.201722342373	5004.35203454998	NaN	1.33819886597531	4.12883601721576	2380.04755989551	NaN	0	315725.226777401	181716947.50644
NaN	0	413.361052971382	8480.07887810659	NaN	0	348.281931177227	5126.04916624153	NaN	1.35306780333653	4.22346059376903	2298.47179150071	NaN	0	7172.01124520741	181102644.519496
NaN	0	33389.7686845818	8076.79899355503	NaN	0	5399.94743107752	4892.43184674928	NaN	0	193.867426120507	2458.44758172424	NaN	0	6864.6366743807	175097034.099698
NaN	0	8274.50410778748	2.8090022439332	NaN	0	5092.76030499971	2.51208891496929	NaN	0	198.310475693713	4.12883601721576	NaN	0	667.274619900698	13.3209200269622
NaN	0	412.545317080897	2.78100189059639	NaN	0	329.819279703045	2.52718320600719	NaN	0	3337.81964255811	4.22346059376903	NaN	0	5400.59842146904	13.5432651574773
NaN	0	414.900943335321	417.522954327153	NaN	0	337.665921759603	346.201722342373	NaN	0	2365.00633903896	193.867426120507	NaN	0	48221.261684399	361704.03589116
NaN	0	20.6755114631482	413.361052971382	NaN	0	25.3193945572192	348.281931177227	NaN	0	185.923956606152	198.310475693713	NaN	0	1543.18517408328	367741.391487115
NaN	0	30622.9274850069	33389.7686845818	NaN	0	5548.12356248816	5399.94743107752	NaN	0	190.822568522876	3337.81964255811	NaN	0	1512.84958227257	183511445.320936
NaN	0	1059.71370536279	8274.50410778748	NaN	0	576.206105710493	5092.76030499971	NaN	0	27.3639057616862	2365.00633903896	NaN	0	1512.84958227257	180408366.224254
NaN	0	8232.72409526758	412.545317080897	NaN	0	5670.74641696113	329.819279703045	NaN	0	2294.02151060995	185.923956606152	NaN	0	310085.756936529	360021.191277944
NaN	0	8039.49994709172	414.900943335321	NaN	0	4832.17999683989	337.665921759603	NaN	0	695.360098725689	190.822568522876	NaN	0	332504.015663933	394629.218426981
NaN	0	416.12229706396	20.6755114631482	NaN	0	304.552036877547	25.3193945572192	NaN	0	2525.41112528491	27.3639057616862	NaN	0	340579.7548229	516.460425697288
NaN	0	410.219790766493	30622.9274850069	NaN	0	270.767777851191	5548.12356248816	NaN	0	2327.15021789928	2294.02151060995	NaN	0	21104.603612622	184724408.388346
NaN	0	400.98679444952	1059.71370536279	NaN	0	278.474942763177	576.206105710493	NaN	0	176.432459034629	695.360098725689	NaN	0	6869.5122600712	3845018.75181076
NaN	0	74.4281382805866	8232.72409526758	NaN	0	32.0477392651153	5670.74641696113	NaN	0	168.831778705267	2525.41112528491	NaN	0	99.2593146304188	181464905.878611
NaN	0	163521.015955669	8039.49994709172	NaN	0	85821.5497630053	4832.17999683989	NaN	0	180.291639912258	2327.15021789928	NaN	0.536334027565281	3.63713398934424	176125481.725088
NaN	0	425.817414123904	416.12229706396	NaN	0	320.45227289221	304.552036877547	NaN	0	30.5507651283628	176.432459034629	NaN	0	346575.067327279	323301.410816164
NaN	0	399.083698037175	410.219790766493	NaN	0	276.634985735073	270.767777851191	NaN	0	31721.1952910172	168.831778705267	NaN	0	344183.429778749	303131.332431451
NaN	0	390.779400757848	400.98679444952	NaN	0	281.385844639692	278.474942763177	NaN	0	181.648219431352	180.291639912258	NaN	0	1434.25502020519	322075.719338642
NaN	0	397.250754468841	74.4281382805866	NaN	0	285.307808717037	32.0477392651153	NaN	0	175.673158415103	30.5507651283628	NaN	0	6853.41395064517	2704.87505645709
NaN	0	399.454631857238	163521.015955669	NaN	0	283.089037944804	85821.5497630053	NaN	0	187.212294640597	31721.1952910172	NaN	0	317816.086247683	104096348540.912
NaN	0	425.488079273054	425.817414123904	NaN	0	289.920793272228	320.45227289221	NaN	0	165.402964609538	181.648219431352	NaN	0	313436.718651809	307967.898355616
NaN	0	397.770587105045	399.083698037175	NaN	0	314.502936076451	276.634985735073	NaN	0	175.457249147203	175.673158415103	NaN	0	313436.718651809	298382.424925201
NaN	0	411.134268771719	390.779400757848	NaN	0	276.331932307163	281.385844639692	NaN	0	179.278631185532	187.212294640597	NaN	0	589.418444818602	359896.927969911
NaN	0	8241.51693536572	397.250754468841	NaN	0	5665.32559694293	285.307808717037	NaN	0	190.865007001968	165.402964609538	NaN	0	21219.8854742248	288298.206652725
NaN	0	8435.10097613476	399.454631857238	NaN	0	5135.56263478184	283.089037944804	NaN	0	179.250816204571	175.457249147203	NaN	0	546.623413105667	321125.571951969
NaN	0	401.710143879393	425.488079273054	NaN	0	274.845520738075	289.920793272228	NaN	0	2415.83037109783	179.278631185532	NaN	0	6032.09595938015	305971.328183449
NaN	0	406.731354680055	397.770587105045	NaN	0	285.369165248761	314.502936076451	NaN	0	2414.14782793768	190.865007001968	NaN	0	316201.408563607	340055.636558779
NaN	0	399.525924240108	3.39535673396098e+19	NaN	0	275.070417278578	2.00509810306067e+18	NaN	0	173.951744459562	6.52020191146541e+16	NaN	0	353894.616433561	1.1546399815187e+41
NaN	0	8298.12431060387	411.134268771719	NaN	0	5195.65878093042	276.331932307163	NaN	0	172.571691329426	179.250816204571	NaN	0.935068200901062	2.07688643348338	295318.640218526
NaN	0	69.5848257425519	8241.51693536572	NaN	0	74.9643999805896	5665.32559694293	NaN	0	184.262753072112	2415.83037109783	NaN	0	522802.512362682	191350240.813019
NaN	0	70.3831596355482	8435.10097613476	NaN	0	76.0546504235069	5135.56263478184	NaN	0	2459.555099635	2414.14782793768	NaN	0	322751.452785827	181309483.834744
NaN	0	399442.187962216	210159098036036	NaN	0	328497.378636639	27426983296442.6	NaN	0	26.5624145017587	2217832319823.94	NaN	0	660.839040167244	1.30452386009963e+30
NaN	0	429.796861535236	401.710143879393	NaN	0	600.380656444525	274.845520738075	NaN	0	25.4125568678554	173.951744459562	NaN	0	964.861439203262	337871.344406542
NaN	0	20.1013890295945	406.731354680055	NaN	0	18.4786899382535	285.369165248761	NaN	0	108580.815744785	172.571691329426	NaN	0	660.839040167244	308199.138806114
NaN	0	24.157735556908	399.525924240108	NaN	0	15.0423715504577	275.070417278578	NaN	0	1006.43582740851	184.262753072112	NaN	0	615.831967101297	315725.226777401
NaN	0	1271.59101784056	8298.12431060387	NaN	0	2168.18000836402	5195.65878093042	NaN	0	14.1988231083763	2459.555099635	NaN	0	333683.663282957	218308734.194071
NaN	0	128.745914358193	69.5848257425519	NaN	0	234.85866811781	74.9643999805896	NaN	0	44.7523196464654	26.5624145017587	NaN	0	350256.764237851	7172.01124520741
NaN	0	29.8808144709055	70.3831596355482	NaN	0	31.7492485142582	76.0546504235069	NaN	0	2999.67579652317	25.4125568678554	NaN	0	2045.96876618323	6864.6366743807
NaN	0	29.4025670183931	399442.187962216	NaN	0	32.841868848285	328497.378636639	NaN	0	99.6797327809614	108580.815744785	NaN	0	1001.55486093488	3906463510495.5
NaN	0	29.4025670183931	429.796861535236	NaN	0	32.841868848285	600.380656444525	NaN	0	24.8635565348042	1006.43582740851	NaN	0	576.212581723627	1309440.51739829
NaN	0	437.924625789134	20.1013890295945	NaN	0	367.212594984037	18.4786899382535	NaN	0	25.3973948451893	14.1988231083763	NaN	0	368265.3573695	667.274619900698
NaN	0	420.58873932554	24.157735556908	NaN	0	294.976184416099	15.0423715504577	NaN	0	25.3973948451893	44.7523196464654	NaN	0	303762.251378866	5400.59842146904
NaN	0	421.795915358444	1271.59101784056	NaN	0	298.12290232337	2168.18000836402	NaN	0	179.269051832369	2999.67579652317	NaN	0	306466.343580182	40626279.055067
NaN	0	52.9145930939828	128.745914358193	NaN	0	57.5035235227713	234.85866811781	NaN	0	179.840004964422	99.6797327809614	NaN	0	289107.017618009	48221.261684399
NaN	0	3179.9237294097	29.8808144709055	NaN	0	1763.06582709236	31.7492485142582	NaN	0	180.276084570631	24.8635565348042	NaN	0	363060.792585678	1543.18517408328
NaN	0	25815.2840832599	29.4025670183931	NaN	0	475463.978588231	32.841868848285	NaN	0	43.0487927772441	25.3973948451893	NaN	0	352918.70618465	1512.84958227257
NaN	0	1533.74529166817	29.4025670183931	NaN	0	6710.93587375319	32.841868848285	NaN	0	1636.45084622336	25.3973948451893	NaN	0	266470.313217298	1512.84958227257
NaN	0	77.8423049299324	437.924625789134	NaN	0	1400.26627569417	367.212594984037	NaN	0	264901.507612106	179.269051832369	NaN	0	546.953335893185	310085.756936529
NaN	0	13.2673001499576	420.58873932554	NaN	0	86.5223374365623	294.976184416099	NaN	0	5998.39965845103	179.840004964422	NaN	0	315290.227978037	332504.015663933
NaN	0	9157.02800708071	421.795915358444	NaN	0	3.6077664311778	298.12290232337	NaN	0	332.438799777259	180.276084570631	NaN	0	7265.73964505697	340579.7548229
NaN	0	1479.34469160782	52.9145930939828	NaN	0	4727.47982833719	57.5035235227713	NaN	0	27.2259570338993	43.0487927772441	NaN	0	7265.73964505697	21104.603612622
NaN	0	1524.17115147052	3179.9237294097	NaN	0	1073.34316992219	1763.06582709236	NaN	0.780010909302699	5.54852175713267	1636.45084622336	NaN	0	7265.73964505697	162709875.344769
NaN	0	1445.98154048572	1192501.3589752	NaN	0	1203.22954337515	475463.978588231	NaN	0	2377.57156900963	264901.507612106	NaN	0	377274.601755986	45946214788123.9
NaN	0	4.25628298189812	25815.2840832599	NaN	0	1233.47659087728	6710.93587375319	NaN	0	323.374901887683	5998.39965845103	NaN	0	5053.4021903716	1965693678.363
NaN	0	7985.99079910003	1533.74529166817	NaN	0	7.93845968154605	1400.26627569417	NaN	0	366.76184436868	332.438799777259	NaN	0	5053.4021903716	3476637.33501217
NaN	0	410.519716798872	77.8423049299324	NaN	0	5145.28869232848	86.5223374365623	NaN	0	342.272067676664	27.2259570338993	NaN	0	6244.46892853744	6869.5122600712
NaN	0	419.282907064395	13.2673001499576	NaN	0	295.000964578136	3.6077664311778	NaN	0.545588149208021	17.928710346517	5.54852175713267	NaN	0	291628.310286471	99.2593146304188
NaN	0	29.733455135117	9157.02800708071	NaN	0	295.980338033705	4727.47982833719	NaN	0	2370.33818718398	2377.57156900963	NaN	0	2.82437089607445	167832124.648306
NaN	0	8325.15757954821	1479.34469160782	NaN	0	31.3957206932514	1073.34316992219	NaN	0	183.593348032332	323.374901887683	NaN	0	344779.522053108	3318363.38371548
NaN	0	71.8283888537693	1524.17115147052	NaN	0	5387.85091563938	1203.22954337515	NaN	0	196.249246202714	366.76184436868	NaN	0	21166.9789191611	4237567.05147039
NaN	0	425.882948391136	1445.98154048572	NaN	0	84.0190494820915	1233.47659087728	NaN	0	23.7211409961544	342.272067676664	NaN	0	338607.788474006	3959175.2844949
NaN	0	399.334732371258	4.25628298189812	NaN	0	283.050440576079	7.93845968154605	NaN	0	2518.38775753277	17.928710346517	NaN	0	562.019717013129	3.63713398934424
NaN	0	399.334732371258	7985.99079910003	NaN	0	276.861095998674	5145.28869232848	NaN	0	24.6457395211442	2370.33818718398	NaN	0	307040.616523993	187774491.204188
NaN	0	21.596235682748	410.519716798872	NaN	0	276.861095998674	295.000964578136	NaN	0	180.9259773544	183.593348032332	NaN	0	562.233829156136	346575.067327279
NaN	0	49.123787681639	419.282907064395	NaN	0	17.2104383697926	295.980338033705	NaN	0	176.007300332404	196.249246202714	NaN	0	1516.41434008771	344183.429778749
NaN	0	20.4511852424271	29.733455135117	NaN	0	63.0860413920826	31.3957206932514	NaN	0	176.007300332404	23.7211409961544	NaN	0	332110.923581663	1434.25502020519
NaN	0	73.3622438369648	8325.15757954821	NaN	0	17.1588850715869	5387.85091563938	NaN	0	13.1084829995258	2518.38775753277	NaN	0	319657.02544758	222778934.486746
NaN	0	415.247415509913	71.8283888537693	NaN	0	70.5275853312519	84.0190494820915	NaN	0	45.0557084172164	24.6457395211442	NaN	0	325608.046899158	6853.41395064517
NaN	0	417.899010973069	425.882948391136	NaN	0	276.074670785141	283.050440576079	NaN	0	13.1432740536354	180.9259773544	NaN	0	488829.281518926	317816.086247683
NaN	0	8343.47382240562	399.334732371258	NaN	0	309.328784169308	276.861095998674	NaN	0	23.5946750726664	176.007300332404	NaN	0	961980.376729268	313436.718651809
NaN	1.51096927534614	1.52149300191423	399.334732371258	NaN	0	5092.60021095895	276.861095998674	NaN	0	175.907806678425	176.007300332404	NaN	0	324115.25774771	313436.718651809
NaN	0	429.084160706704	21.596235682748	NaN	0	5.2271452466894	17.2104383697926	NaN	0	181.028634213651	13.1084829995258	NaN	0	334124.059023419	589.418444818602
NaN	0	410.472277883016	49.123787681639	NaN	0	505.126076091459	63.0860413920826	NaN	0	2379.58748053554	45.0557084172164	NaN	0	616.644742208366	21219.8854742248
NaN	0	7976.88831882057	20.4511852424271	NaN	0	277.075552588496	17.1588850715869	NaN	1.40173628233313	2.66517754222607	13.1432740536354	NaN	0	598.172936554761	546.623413105667
NaN	0	20.3634385522495	73.3622438369648	NaN	0	4675.7908759961	70.5275853312519	NaN	0	271.421589664749	23.5946750726664	NaN	0	1960.35369341839	6032.09595938015
NaN	0	21.491509436035	415.247415509913	NaN	0	20.3969628710604	276.074670785141	NaN	0	180.240309017402	175.907806678425	NaN	0	560.635009586123	316201.408563607
NaN	0	7976.88831882057	417.899010973069	NaN	0	30.6817791495481	309.328784169308	NaN	0	2514.35116254715	181.028634213651	NaN	0	335443.994629363	353894.616433561
NaN	0	20.3634385522495	8343.47382240562	NaN	0	4675.7908759961	5092.60021095895	NaN	0	14.4633095049443	2379.58748053554	NaN	0	335443.994629363	191754988.919312
NaN	0	8477.28620129546	1.52149300191423	NaN	0	20.3969628710604	5.2271452466894	NaN	0	20.6485704245045	2.66517754222607	NaN	0	318187.841578412	2.07688643348338
NaN	0	20.8970573619401	429.084160706704	NaN	0	5717.59743748033	505.126076091459	NaN	0	2514.35116254715	271.421589664749	NaN	0	290195.302699659	522802.512362682
NaN	0	417.215754252867	410.472277883016	NaN	0	18.4548472923616	277.075552588496	NaN	0	14.4633095049443	180.240309017402	NaN	0	341468.820490778	322751.452785827
NaN	0	400.74382978163	7976.88831882057	NaN	0	303.829336369986	4675.7908759961	NaN	0	2536.23199292203	2514.35116254715	NaN	0	373214.284813483	173682769.897539
NaN	0	23.1138811684308	20.3634385522495	NaN	0	319.356872007277	20.3969628710604	NaN	0	14.1618601451551	14.4633095049443	NaN	0	373214.284813483	660.839040167244
NaN	0	7814.87340074057	21.491509436035	NaN	0	39.5806792327652	30.6817791495481	NaN	0	186.154998345368	20.6485704245045	NaN	0	373214.284813483	964.861439203262
NaN	0	20.5248659759039	7976.88831882057	NaN	0	4752.2107469537	4675.7908759961	NaN	0	185.597119277871	2514.35116254715	NaN	0	339098.467102448	173682769.897539
NaN	0	8281.90334462119	20.3634385522495	NaN	0	32.0202863466221	20.3969628710604	NaN	0	71.9740191591152	14.4633095049443	NaN	0	307967.898355616	660.839040167244
NaN	0	8281.90334462119	8477.28620129546	NaN	0	4697.62754821778	5717.59743748033	NaN	0	2390.33313785798	2536.23199292203	NaN	0	309170.789418626	206092191.735534
NaN	0	27343.238798049	20.8970573619401	NaN	0	4697.62754821778	18.4548472923616	NaN	0	20.9500605501345	14.1618601451551	NaN	0	309170.789418626	615.831967101297
NaN	0	20.0131074391293	417.215754252867	NaN	0	22381.2731576385	303.829336369986	NaN	0	2328.14605581013	186.154998345368	NaN	0	309170.789418626	333683.663282957
NaN	0	407.636204261333	400.74382978163	NaN	0	16.2459356111267	319.356872007277	NaN	0	2328.14605581013	185.597119277871	NaN	0	309170.789418626	350256.764237851
NaN	0	8186.84400539759	23.1138811684308	NaN	0	301.79092100344	39.5806792327652	NaN	0	4233.01066669097	71.9740191591152	NaN	0	309170.789418626	2045.96876618323
NaN	0	8186.84400539759	7814.87340074057	NaN	0	5946.05064252148	4752.2107469537	NaN	0	13.5994250911435	2390.33313785798	NaN	0	309170.789418626	173743176.37462
NaN	0	416.931983932884	20.5248659759039	NaN	0	5946.05064252148	32.0202863466221	NaN	0	194.629404880609	20.9500605501345	NaN	0	309170.789418626	1001.55486093488
NaN	0	423.617955812833	8281.90334462119	NaN	0	278.309427833938	4697.62754821778	NaN	0	2611.13530401484	2328.14605581013	NaN	0	309170.789418626	200028621.50801
NaN	0	431.620230488545	8281.90334462119	NaN	0	278.865477102906	4697.62754821778	NaN	0	2611.13530401484	2328.14605581013	NaN	NaN	NaN	200028621.50801
NaN	0	401.122297036288	27343.238798049	NaN	0	284.391409513559	22381.2731576385	NaN	0	182.242800493695	4233.01066669097	NaN	NaN	NaN	2042852835.13185
NaN	0	409.697088957626	20.0131074391293	NaN	0	308.89441433319	16.2459356111267	NaN	0	174.851509055333	13.5994250911435	NaN	NaN	NaN	576.212581723627
NaN	0	7907.63943230245	407.636204261333	NaN	0	312.95472933975	301.79092100344	NaN	0	173.968415061078	194.629404880609	NaN	NaN	NaN	368265.3573695
NaN	0	441.15710813207	8186.84400539759	NaN	0	4712.53941131408	5946.05064252148	NaN	0	176.990321450778	2611.13530401484	NaN	NaN	NaN	215351994.446045
NaN	0	20.2906853485904	8186.84400539759	NaN	0	287.036308853004	5946.05064252148	NaN	0	194.19338627239	2611.13530401484	NaN	NaN	NaN	215351994.446045
NaN	0	403.517160802409	416.931983932884	NaN	0	17.0009164791806	278.309427833938	NaN	0	2535.45753779571	182.242800493695	NaN	NaN	NaN	303762.251378866
NaN	0	8360.94479467186	423.617955812833	NaN	0	284.2035809444	278.865477102906	NaN	0	198.058297271596	174.851509055333	NaN	NaN	NaN	306466.343580182
NaN	0	9116.7182115319	431.620230488545	NaN	0	4689.94330648295	284.391409513559	NaN	0	13.0994723694338	173.968415061078	NaN	NaN	NaN	289107.017618009
NaN	0	75.5972397108413	401.122297036288	NaN	0	6203.63297403601	308.89441433319	NaN	0	172.762716779394	176.990321450778	NaN	NaN	NaN	363060.792585678
NaN	0	75.5972397108413	409.697088957626	NaN	0	85.1681757573403	312.95472933975	NaN	0	2492.36203071832	194.19338627239	NaN	NaN	NaN	352918.70618465
NaN	0	75.5972397108413	7907.63943230245	NaN	0	85.1681757573403	4712.53941131408	NaN	0	2425.47699510099	2535.45753779571	NaN	NaN	NaN	200908763.169213
NaN	0	435.072167908121	441.15710813207	NaN	0	85.1681757573403	287.036308853004	NaN	0	25.6925980962452	198.058297271596	NaN	NaN	NaN	266470.313217298
NaN	0	8686.34083470611	20.2906853485904	NaN	0	345.686491930315	17.0009164791806	NaN	0	25.6925980962452	13.0994723694338	NaN	NaN	NaN	546.953335893185
NaN	0	8686.34083470611	403.517160802409	NaN	0	5691.17130970398	284.2035809444	NaN	0	25.6925980962452	172.762716779394	NaN	NaN	NaN	315290.227978037
NaN	0	7732.59198235942	8360.94479467186	NaN	0	5691.17130970398	4689.94330648295	NaN	0	184.495317577522	2492.36203071832	NaN	NaN	NaN	161861153.450463
NaN	0	129.649247244035	9116.7182115319	NaN	0	4487.73709505303	6203.63297403601	NaN	0	2425.15638386115	2425.47699510099	NaN	NaN	NaN	212794413.781878
NaN	0	129.649247244035	75.5972397108413	NaN	0	32.6912199773368	85.1681757573403	NaN	0	2425.15638386115	25.6925980962452	NaN	NaN	NaN	7265.73964505697
NaN	0	229682.130259328	75.5972397108413	NaN	0	32.6912199773368	85.1681757573403	NaN	0	2479.23338420199	25.6925980962452	NaN	NaN	NaN	7265.73964505697
NaN	0	229682.130259328	75.5972397108413	NaN	0	78732.4630232906	85.1681757573403	NaN	0	59.4199290241982	25.6925980962452	NaN	NaN	NaN	7265.73964505697
NaN	0	229682.130259328	435.072167908121	NaN	0	78732.4630232906	345.686491930315	NaN	0	59.4199290241982	184.495317577522	NaN	NaN	NaN	377274.601755986
NaN	0	68.4145028073773	8686.34083470611	NaN	0	78732.4630232906	5691.17130970398	NaN	0	33087.2801414726	2425.15638386115	NaN	NaN	NaN	204423248.390496
NaN	0	402.660582858589	8686.34083470611	NaN	0	70.1897270506229	5691.17130970398	NaN	0	33087.2801414726	2425.15638386115	NaN	NaN	NaN	204423248.390496
NaN	1.11325866895513	1.50064843638025	7732.59198235942	NaN	0	282.491360131899	4487.73709505303	NaN	0	33087.2801414726	2479.23338420199	NaN	NaN	NaN	180048552.224665
NaN	0	417.687687628372	129.649247244035	NaN	0	1.95709485818222	32.6912199773368	NaN	0	25.4644240471654	59.4199290241982	NaN	NaN	NaN	5053.4021903716
NaN	0	57.0688917501668	129.649247244035	NaN	0	312.643772790385	32.6912199773368	NaN	0	175.991190089258	59.4199290241982	NaN	NaN	NaN	5053.4021903716
NaN	0	419.116124442053	229682.130259328	NaN	0	59.2971814511555	78732.4630232906	NaN	0	1.82383551011789	33087.2801414726	NaN	NaN	NaN	91495822572.6279
NaN	0	19.4347322556251	229682.130259328	NaN	0	323.400074860561	78732.4630232906	NaN	0	191.823548803892	33087.2801414726	NaN	NaN	NaN	91495822572.6279
NaN	0	421.051559083898	229682.130259328	NaN	0	16.3991225739842	78732.4630232906	NaN	0	43.8506458471783	33087.2801414726	NaN	NaN	NaN	91495822572.6279
NaN	0	20.1726400346618	68.4145028073773	NaN	0	271.845282524684	70.1897270506229	NaN	0	182.799763769482	25.4644240471654	NaN	NaN	NaN	6244.46892853744
NaN	0	28.4842960134132	402.660582858589	NaN	0	17.13473418236	282.491360131899	NaN	0	13.9303842343347	175.991190089258	NaN	NaN	NaN	291628.310286471
NaN	0	439.648782877233	1.50064843638025	NaN	0	32.0140147349423	1.95709485818222	NaN	0	180.370355892359	1.82383551011789	NaN	NaN	NaN	2.82437089607445
NaN	0	1042.21411760448	417.687687628372	NaN	0	261.716437797645	312.643772790385	NaN	0	13.260553831839	191.823548803892	NaN	NaN	NaN	344779.522053108
NaN	0	699.582027954404	57.0688917501668	NaN	0	1152.33429996808	59.2971814511555	NaN	0	24.1150639269327	43.8506458471783	NaN	NaN	NaN	21166.9789191611
NaN	0	410.407189174737	419.116124442053	NaN	0	234.638206668865	323.400074860561	NaN	0	178.49495486014	182.799763769482	NaN	NaN	NaN	338607.788474006
NaN	0	20768.0534404982	19.4347322556251	NaN	0	263.4655534168	16.3991225739842	NaN	0	679.132651071915	13.9303842343347	NaN	NaN	NaN	562.019717013129
NaN	0	391.660256173383	421.051559083898	NaN	0	24435.4321647268	271.845282524684	NaN	0	1043.92316887728	180.370355892359	NaN	NaN	NaN	307040.616523993
NaN	0	388.578100633313	20.1726400346618	NaN	0	272.554028513421	17.13473418236	NaN	0	178.344016099127	13.260553831839	NaN	NaN	NaN	562.233829156136
NaN	0	429.765156875801	28.4842960134132	NaN	0	287.949982111206	32.0140147349423	NaN	0	8383.47904663215	24.1150639269327	NaN	NaN	NaN	1516.41434008771
NaN	0	415.607916524689	439.648782877233	NaN	0	531.147155138522	261.716437797645	NaN	0	185.022910161971	178.49495486014	NaN	NaN	NaN	332110.923581663
NaN	0	427.346710085644	1042.21411760448	NaN	0	320.074759313459	1152.33429996808	NaN	0	249.6101320258	679.132651071915	NaN	NaN	NaN	14585844.9219258
NaN	0	21.4044858638862	699.582027954404	NaN	0	303.53769605331	234.638206668865	NaN	0	897.022772052106	1043.92316887728	NaN	NaN	NaN	3890500.51553136
NaN	0	8313.36255166335	410.407189174737	NaN	0	18.4371328162913	263.4655534168	NaN	0	176.791568490431	178.344016099127	NaN	NaN	NaN	319657.02544758
NaN	0	8440.63703150257	20768.0534404982	NaN	0	5665.46763586906	24435.4321647268	NaN	0	198.014706474458	8383.47904663215	NaN	NaN	NaN	7898068317.01455
NaN	0	18861.6263588752	391.660256173383	NaN	0	4911.88357249546	272.554028513421	NaN	0	15.0640949998697	185.022910161971	NaN	NaN	NaN	325608.046899158
NaN	0	443.507621312921	388.578100633313	NaN	0	17155.2550008962	287.949982111206	NaN	0	2455.58699578781	249.6101320258	NaN	NaN	NaN	488829.281518926
NaN	0	20.816525702021	429.765156875801	NaN	0	559.826271578421	531.147155138522	NaN	0	2571.19770538685	897.022772052106	NaN	NaN	NaN	961980.376729268
NaN	0	22.5050433202421	415.607916524689	NaN	0	19.4416078310362	320.074759313459	NaN	0	8516.16793487575	176.791568490431	NaN	NaN	NaN	324115.25774771
NaN	0	20.3151416226359	427.346710085644	NaN	0	33.9561834937536	303.53769605331	NaN	0	917.046205136996	198.014706474458	NaN	NaN	NaN	334124.059023419
NaN	0	7492.70151522725	21.4044858638862	NaN	0	16.7954634489527	18.4371328162913	NaN	0	13.4495312511516	15.0640949998697	NaN	NaN	NaN	616.644742208366
NaN	0	401.956476593971	8313.36255166335	NaN	0	4601.62556883875	5665.46763586906	NaN	0	70.8578316883296	2455.58699578781	NaN	NaN	NaN	196372374.108905
NaN	0	401.956476593971	8440.63703150257	NaN	0	298.447617524996	4911.88357249546	NaN	0	13.4784396900132	2571.19770538685	NaN	NaN	NaN	197142996.203723
NaN	0	19473.4437072906	18861.6263588752	NaN	0	298.447617524996	17155.2550008962	NaN	0	2600.98340838369	8516.16793487575	NaN	NaN	NaN	7117141103.60085
NaN	0	390.406740225625	443.507621312921	NaN	0	18771.6765874751	559.826271578421	NaN	0	184.792061764711	917.046205136996	NaN	NaN	NaN	1010745.5669836
NaN	0	406.81799807978	20.816525702021	NaN	0	292.515408270638	19.4416078310362	NaN	0	184.792061764711	13.4495312511516	NaN	NaN	NaN	598.172936554761
NaN	0	7925.7387150996	22.5050433202421	NaN	0	293.228712753786	33.9561834937536	NaN	0	7538.13013258218	70.8578316883296	NaN	NaN	NaN	1960.35369341839
NaN	0	7947.77886455341	20.3151416226359	NaN	0	4396.13412867551	16.7954634489527	NaN	0	182.176639997909	13.4784396900132	NaN	NaN	NaN	560.635009586123
NaN	0	407.957088934921	7492.70151522725	NaN	0	4519.33025034681	4601.62556883875	NaN	0	169.403427289263	2600.98340838369	NaN	NaN	NaN	175424489.514332
NaN	0	8255.71788635804	401.956476593971	NaN	0	270.735712941286	298.447617524996	NaN	0	2239.17981503535	184.792061764711	NaN	NaN	NaN	335443.994629363
NaN	0	413.50358531921	401.956476593971	NaN	0	5549.1313567174	298.447617524996	NaN	0	2283.04183937127	184.792061764711	NaN	NaN	NaN	335443.994629363
NaN	0	413.50358531921	19473.4437072906	NaN	0	337.058866721045	18771.6765874751	NaN	0	184.483276585428	7538.13013258218	NaN	NaN	NaN	6459306359.94445
NaN	0	413.50358531921	390.406740225625	NaN	0	337.058866721045	292.515408270638	NaN	0	2435.76252450322	182.176639997909	NaN	NaN	NaN	318187.841578412
NaN	0	374.893755132611	406.81799807978	NaN	0	337.058866721045	293.228712753786	NaN	0	185.3021864867	169.403427289263	NaN	NaN	NaN	290195.302699659
NaN	0	425.817414123904	7925.7387150996	NaN	0	293.72417352887	4396.13412867551	NaN	0	185.3021864867	2239.17981503535	NaN	NaN	NaN	177023232.873804
NaN	0	8349.95736374656	7947.77886455341	NaN	0	320.45227289221	4519.33025034681	NaN	0	185.3021864867	2283.04183937127	NaN	NaN	NaN	170654277.121633
NaN	0	408.353747832759	407.957088934921	NaN	0	4435.23997236358	270.735712941286	NaN	0	182.51646630508	184.483276585428	NaN	NaN	NaN	341468.820490778
NaN	0	408.353747832759	8255.71788635804	NaN	0	272.935224389081	5549.1313567174	NaN	0	181.648219431352	2435.76252450322	NaN	NaN	NaN	202223197.88347
NaN	0	408.353747832759	413.50358531921	NaN	0	272.935224389081	337.058866721045	NaN	0	2460.67950125061	185.3021864867	NaN	NaN	NaN	373214.284813483
NaN	0	408.353747832759	413.50358531921	NaN	0	272.935224389081	337.058866721045	NaN	0	175.01315883542	185.3021864867	NaN	NaN	NaN	373214.284813483
NaN	0	408.353747832759	413.50358531921	NaN	0	272.935224389081	337.058866721045	NaN	0	175.01315883542	185.3021864867	NaN	NaN	NaN	373214.284813483
NaN	0	408.353747832759	374.893755132611	NaN	0	272.935224389081	293.72417352887	NaN	0	175.01315883542	182.51646630508	NaN	NaN	NaN	339098.467102448
NaN	0	408.353747832759	425.817414123904	NaN	0	272.935224389081	320.45227289221	NaN	0	175.01315883542	181.648219431352	NaN	NaN	NaN	307967.898355616
NaN	0	408.353747832759	8349.95736374656	NaN	0	272.935224389081	4435.23997236358	NaN	0	175.01315883542	2460.67950125061	NaN	NaN	NaN	162445690.991625
NaN	NaN	NaN	408.353747832759	NaN	0	272.935224389081	272.935224389081	NaN	0	175.01315883542	175.01315883542	NaN	NaN	NaN	309170.789418626
NaN	NaN	NaN	408.353747832759	NaN	NaN	NaN	272.935224389081	NaN	0	175.01315883542	175.01315883542	NaN	NaN	NaN	309170.789418626
NaN	NaN	NaN	408.353747832759	NaN	NaN	NaN	272.935224389081	NaN	0	175.01315883542	175.01315883542	NaN	NaN	NaN	309170.789418626
NaN	NaN	NaN	408.353747832759	NaN	NaN	NaN	272.935224389081	NaN	NaN	NaN	175.01315883542	NaN	NaN	NaN	309170.789418626
NaN	NaN	NaN	408.353747832759	NaN	NaN	NaN	272.935224389081	NaN	NaN	NaN	175.01315883542	NaN	NaN	NaN	309170.789418626
NaN	NaN	NaN	408.353747832759	NaN	NaN	NaN	272.935224389081	NaN	NaN	NaN	175.01315883542	NaN	NaN	NaN	309170.789418626
NaN	NaN	NaN	408.353747832759	NaN	NaN	NaN	272.935224389081	NaN	NaN	NaN	175.01315883542	NaN	NaN	NaN	309170.789418626
NaN	NaN	NaN	408.353747832759	NaN	NaN	NaN	272.935224389081	NaN	NaN	NaN	175.01315883542	NaN	NaN	NaN	309170.789418626
